EID ,key ,direction ,time
0,Key.tab,0,1652458652498414000
1,Key.tab,1,1652458652590419000
2,Key.cmd,1,1652458652630322000
3,'i',0,1652458654903381000
4,'n',0,1652458654946451000
5,'i',1,1652458655054265000
6,'n',1,1652458655080122000
7,'s',0,1652458655092252000
8,'s',1,1652458655170303000
9,'t',0,1652458655339253000
10,'t',1,1652458655475759000
11,'a',0,1652458657111418000
12,'a',1,1652458657247440000
13,'g',0,1652458657382957000
14,'g',1,1652458657487416000
15,'r',0,1652458658383171000
16,'r',1,1652458658483783000
17,'a',0,1652458658515912000
18,'a',1,1652458658604338000
19,'m',0,1652458658913867000
20,'m',1,1652458659011819000
21,Key.enter,0,1652458659579940000
22,Key.enter,1,1652458659644964000
23,'f',0,1652458669434523000
24,'f',1,1652458669527922000
25,'p',0,1652458669529243000
26,'p',1,1652458669612234000
27,'d',0,1652458669698675000
28,'d',1,1652458669784546000
29,'1',0,1652458671087309000
30,'1',1,1652458671170924000
31,Key.shift,0,1652458671502214000
32,'@',0,1652458671717902000
33,'@',1,1652458671814336000
34,Key.shift,1,1652458671846245000
35,'s',0,1652458672156786000
36,'s',1,1652458672245426000
37,'o',0,1652458672259150000
38,'o',1,1652458672331557000
39,'c',0,1652458672785299000
40,'c',1,1652458672893432000
41,'i',0,1652458674216988000
42,'i',1,1652458674297176000
43,'a',0,1652458674374950000
44,'a',1,1652458674459410000
45,'l',0,1652458674490123000
46,'l',1,1652458674569207000
47,Key.backspace,0,1652458676452288000
48,Key.backspace,1,1652458676515863000
49,Key.backspace,0,1652458676578619000
50,Key.backspace,1,1652458676655252000
51,Key.backspace,0,1652458676710792000
52,Key.backspace,1,1652458676794506000
53,Key.backspace,0,1652458676849123000
54,Key.backspace,1,1652458676946151000
55,Key.backspace,0,1652458676989667000
56,Key.backspace,1,1652458677082257000
57,Key.backspace,0,1652458677135626000
58,Key.backspace,1,1652458677224207000
59,Key.backspace,0,1652458677276843000
60,Key.backspace,1,1652458677365543000
61,'c',0,1652458677887903000
62,'o',0,1652458677939900000
63,'c',1,1652458677993391000
64,'o',1,1652458678012664000
65,'i',0,1652458678126720000
66,'i',1,1652458678206735000
67,'a',0,1652458678277955000
68,'a',1,1652458678354022000
69,'l',0,1652458678391117000
70,'l',1,1652458678463068000
71,Key.backspace,0,1652458678758927000
72,Key.backspace,1,1652458678828110000
73,Key.backspace,0,1652458678888686000
74,Key.backspace,1,1652458678952639000
75,Key.backspace,0,1652458679005109000
76,Key.backspace,1,1652458679081417000
77,Key.backspace,0,1652458679146901000
78,Key.backspace,1,1652458679215207000
79,Key.backspace,0,1652458679417373000
80,Key.backspace,1,1652458679503929000
81,'s',0,1652458679750922000
82,'s',1,1652458679825450000
83,'o',0,1652458679852589000
84,'o',1,1652458679924967000
85,'c',0,1652458680000800000
86,'c',1,1652458680081318000
87,'i',0,1652458680129727000
88,'i',1,1652458680226251000
89,'a',0,1652458680254621000
90,'a',1,1652458680347129000
91,'l',0,1652458680362710000
92,'l',1,1652458680446296000
93,Key.shift,0,1652458680744573000
94,'@',0,1652458681007733000
95,'@',1,1652458681095527000
96,Key.shift,1,1652458681127870000
97,'g',0,1652458681373527000
98,'g',1,1652458681472895000
99,'m',0,1652458681476811000
100,'m',1,1652458681585965000
101,'a',0,1652458681630797000
102,'a',1,1652458681715099000
103,'i',0,1652458681729612000
104,'l',0,1652458681801786000
105,'i',1,1652458681816632000
106,'l',1,1652458681942007000
107,'.',0,1652458682408765000
108,'.',1,1652458682490111000
109,'c',0,1652458682595656000
110,'c',1,1652458682675218000
111,'o',0,1652458682676584000
112,'m',0,1652458682759969000
113,'o',1,1652458682790805000
114,'m',1,1652458682867883000
115,Key.shift,0,1652458686587763000
116,Key.shift,1,1652458686923868000
117,Key.backspace,0,1652458692140433000
118,Key.backspace,1,1652458692201444000
119,Key.backspace,0,1652458692267317000
120,Key.backspace,1,1652458692342979000
121,Key.backspace,0,1652458692417898000
122,Key.backspace,1,1652458692497638000
123,'i',0,1652458693030364000
124,'i',1,1652458693114748000
125,'a',0,1652458693163396000
126,'l',0,1652458693227348000
127,'a',1,1652458693238563000
128,'l',1,1652458693339462000
129,Key.backspace,0,1652458702263790000
130,Key.backspace,1,1652458702327131000
131,Key.shift,0,1652458702393188000
132,'S',0,1652458702537098000
133,Key.shift,1,1652458702629486000
134,'s',1,1652458702630383000
135,'w',0,1652458763786832000
136,'w',1,1652458763879435000
137,'h',0,1652458764210941000
138,'h',1,1652458764298769000
139,'a',0,1652458764411876000
140,'a',1,1652458764467681000
141,Key.backspace,0,1652458764763454000
142,Key.backspace,1,1652458764800750000
143,Key.backspace,0,1652458764884407000
144,Key.backspace,1,1652458764956856000
145,Key.backspace,0,1652458764999760000
146,Key.backspace,1,1652458765067190000
147,'w',0,1652458765678716000
148,'h',0,1652458765713461000
149,'w',1,1652458765765515000
150,'h',1,1652458765806160000
151,'a',0,1652458765833626000
152,'a',1,1652458765914310000
153,'t',0,1652458765945280000
154,'t',1,1652458766029600000
155,Key.space,0,1652458766030648000
156,Key.space,1,1652458766121788000
157,'i',0,1652458766185348000
158,'i',1,1652458766274457000
159,'s',0,1652458766288724000
160,'s',1,1652458766343522000
161,Key.space,0,1652458766366563000
162,Key.space,1,1652458766458876000
163,'w',0,1652458766914535000
164,'w',1,1652458767017625000
165,'r',0,1652458767030407000
166,'o',0,1652458767049357000
167,'r',1,1652458767111097000
168,'n',0,1652458767149814000
169,'o',1,1652458767177255000
170,'g',0,1652458767288812000
171,'n',1,1652458767289438000
172,'g',1,1652458767362752000
173,Key.space,0,1652458767380882000
174,Key.space,1,1652458767481042000
175,'e',0,1652458767799550000
176,'e',1,1652458767883723000
177,Key.backspace,0,1652458768156656000
178,Key.backspace,1,1652458768228636000
179,'w',0,1652458768276814000
180,'w',1,1652458768338861000
181,'i',0,1652458768378586000
182,'i',1,1652458768475825000
183,'t',0,1652458768524729000
184,'h',0,1652458768547373000
185,'t',1,1652458768547956000
186,'h',1,1652458768638925000
187,Key.space,0,1652458768680266000
188,Key.space,1,1652458768773739000
189,'t',0,1652458768797105000
190,'t',1,1652458768872242000
191,'h',0,1652458768883495000
192,'h',1,1652458768952015000
193,'e',0,1652458769001587000
194,'e',1,1652458769065480000
195,Key.space,0,1652458769073521000
196,Key.space,1,1652458769138863000
197,'o',0,1652458769722680000
198,'s',0,1652458769798633000
199,'o',1,1652458769809816000
200,'c',0,1652458769881821000
201,'s',1,1652458769889447000
202,'c',1,1652458769978946000
203,'a',0,1652458770131770000
204,'a',1,1652458770247588000
205,'r',0,1652458770305304000
206,'r',1,1652458770372089000
207,'s',0,1652458770662899000
208,'s',1,1652458770718616000
209,' ,',0,1652458770809838000
210,' ,',1,1652458770889651000
211,Key.space,0,1652458770981138000
212,Key.space,1,1652458771065790000
213,'h',0,1652458771627469000
214,'o',0,1652458771727502000
215,'h',1,1652458771731004000
216,'w',0,1652458771795381000
217,'o',1,1652458771826466000
218,'w',1,1652458771879275000
219,Key.space,0,1652458771887840000
220,Key.space,1,1652458771983702000
221,'c',0,1652458772595441000
222,'o',0,1652458772618743000
223,'c',1,1652458772630281000
224,'o',1,1652458772707529000
225,'u',0,1652458772756492000
226,'u',1,1652458772828613000
227,'l',0,1652458772909569000
228,'l',1,1652458772964434000
229,'d',0,1652458772985450000
230,'d',1,1652458773058261000
231,Key.space,0,1652458773506179000
232,Key.space,1,1652458773598656000
233,'t',0,1652458774076573000
234,'t',1,1652458774161127000
235,'h',0,1652458774172917000
236,'h',1,1652458774252714000
237,'e',0,1652458774305662000
238,'y',0,1652458774377574000
239,'e',1,1652458774384875000
240,'y',1,1652458774461648000
241,Key.space,0,1652458774498687000
242,Key.space,1,1652458774601838000
243,'l',0,1652458775545251000
244,'l',1,1652458775629363000
245,'e',0,1652458776215108000
246,'e',1,1652458776299641000
247,'t',0,1652458776323876000
248,'t',1,1652458776408505000
249,Key.space,0,1652458776426313000
250,Key.space,1,1652458776534616000
251,'m',0,1652458776677442000
252,'m',1,1652458776788781000
253,'y',0,1652458776945117000
254,'y',1,1652458777001439000
255,Key.space,0,1652458777055445000
256,Key.space,1,1652458777147668000
257,'m',0,1652458777298236000
258,'m',1,1652458777397481000
259,'a',0,1652458777419087000
260,'a',1,1652458777495336000
261,'i',0,1652458777521926000
262,'i',1,1652458777589098000
263,'n',0,1652458777591585000
264,'n',1,1652458777680360000
265,Key.space,0,1652458777681182000
266,Key.space,1,1652458777763816000
267,'c',0,1652458784683598000
268,'c',1,1652458784747234000
269,'h',0,1652458784748439000
270,'h',1,1652458784837588000
271,'r',0,1652458785026146000
272,'r',1,1652458785142152000
273,'i',0,1652458785150407000
274,'i',1,1652458785230181000
275,'s',0,1652458785304153000
276,'s',1,1652458785372052000
277,Key.space,0,1652458785409135000
278,Key.space,1,1652458785509342000
279,'r',0,1652458785765060000
280,'r',1,1652458785848213000
281,'o',0,1652458785855901000
282,'o',1,1652458785938637000
283,'c',0,1652458786031293000
284,'c',1,1652458786106916000
285,'k',0,1652458786108676000
286,Key.space,0,1652458786190292000
287,'k',1,1652458786193866000
288,Key.space,1,1652458786283134000
289,'g',0,1652458787045050000
290,'g',1,1652458787121955000
291,'e',0,1652458787132954000
292,'e',1,1652458787205426000
293,'t',0,1652458787240726000
294,'t',1,1652458787324922000
295,Key.space,0,1652458787338802000
296,Key.space,1,1652458787438790000
297,'r',0,1652458787563088000
298,'r',1,1652458787655545000
299,'o',0,1652458787693060000
300,'o',1,1652458787777272000
301,'c',0,1652458787884277000
302,'k',0,1652458787956607000
303,'c',1,1652458787960587000
304,'k',1,1652458788033493000
305,'e',0,1652458788255506000
306,'e',1,1652458788285375000
307,'d',0,1652458788492931000
308,'d',1,1652458788589091000
309,Key.space,0,1652458788713107000
310,Key.space,1,1652458788765054000
311,Key.backspace,0,1652458789458942000
312,Key.backspace,1,1652458789547028000
313,'.',0,1652458789769137000
314,'.',1,1652458789832473000
315,Key.space,0,1652458789861786000
316,Key.space,1,1652458789955712000
317,'h',0,1652458808810715000
318,'w',0,1652458808817586000
319,'h',1,1652458808910667000
320,'w',1,1652458808918383000
321,'e',0,1652458808960555000
322,'e',1,1652458809073110000
323,'r',0,1652458809084378000
324,'e',0,1652458809171721000
325,'r',1,1652458809191405000
326,'e',1,1652458809268707000
327,Key.space,0,1652458809288495000
328,Key.space,1,1652458809371693000
329,'w',0,1652458810373258000
330,'w',1,1652458810526031000
331,'a',0,1652458810594435000
332,'s',0,1652458810637317000
333,'s',1,1652458810681259000
334,'a',1,1652458810762227000
335,Key.space,0,1652458810774746000
336,Key.space,1,1652458810858887000
337,'t',0,1652458811122732000
338,'h',0,1652458811157352000
339,'t',1,1652458811161278000
340,'e',0,1652458811270391000
341,'h',1,1652458811278272000
342,'e',1,1652458811338735000
343,Key.space,0,1652458811372610000
344,Key.space,1,1652458811480436000
345,'s',0,1652458811725711000
346,'s',1,1652458811797857000
347,'e',0,1652458811889650000
348,'e',1,1652458811945031000
349,'c',0,1652458812123065000
350,'c',1,1652458812181673000
351,'u',0,1652458812251951000
352,'u',1,1652458812338071000
353,'r',0,1652458812384355000
354,'r',1,1652458812436565000
355,'i',0,1652458812685918000
356,'i',1,1652458812789293000
357,'t',0,1652458812848691000
358,'t',1,1652458812918269000
359,'y',0,1652458812940739000
360,'y',1,1652458813009680000
361,Key.space,0,1652458813020707000
362,Key.space,1,1652458813129549000
363,'t',0,1652458813468466000
364,'t',1,1652458813534691000
365,'o',0,1652458813550765000
366,Key.space,0,1652458813620946000
367,'o',1,1652458813640093000
368,Key.space,1,1652458813718698000
369,'s',0,1652458813868446000
370,'s',1,1652458813960805000
371,'t',0,1652458814015177000
372,'t',1,1652458814084931000
373,'o',0,1652458814106568000
374,'p',0,1652458814211034000
375,'o',1,1652458814221588000
376,Key.space,0,1652458814250174000
377,'p',1,1652458814322503000
378,Key.space,1,1652458814384352000
379,'t',0,1652458818654217000
380,'t',1,1652458818710145000
381,'h',0,1652458818747089000
382,'e',0,1652458818839391000
383,'h',1,1652458818843410000
384,'e',1,1652458818911335000
385,Key.space,0,1652458818935812000
386,Key.space,1,1652458819052000000
387,'f',0,1652458819146303000
388,'f',1,1652458819235466000
389,'i',0,1652458819245902000
390,'s',0,1652458819326676000
391,'i',1,1652458819334994000
392,'s',1,1652458819398554000
393,'h',0,1652458819445236000
394,'h',1,1652458819545379000
395,Key.space,0,1652458819546509000
396,Key.space,1,1652458819634772000
397,'c',0,1652458820561016000
398,'h',0,1652458820645117000
399,'c',1,1652458820652946000
400,'h',1,1652458820725402000
401,'r',0,1652458820769983000
402,'r',1,1652458820867911000
403,'i',0,1652458820873672000
404,'i',1,1652458820951414000
405,'s',0,1652458820974610000
406,'s',1,1652458821055160000
407,'t',0,1652458821068183000
408,'t',1,1652458821147438000
409,Key.space,0,1652458821168711000
410,Key.space,1,1652458821272346000
411,Key.backspace,0,1652458821714132000
412,Key.backspace,1,1652458821778022000
413,Key.backspace,0,1652458821844183000
414,Key.backspace,1,1652458821928522000
415,Key.space,0,1652458822084139000
416,Key.space,1,1652458822168557000
417,'w',0,1652458822214009000
418,'w',1,1652458822281630000
419,'o',0,1652458822334900000
420,'o',1,1652458822416537000
421,Key.backspace,0,1652458822821953000
422,Key.backspace,1,1652458822885457000
423,Key.backspace,0,1652458822951073000
424,Key.backspace,1,1652458823021321000
425,Key.backspace,0,1652458823083749000
426,Key.backspace,1,1652458823170499000
427,Key.backspace,0,1652458823226205000
428,Key.backspace,1,1652458823321461000
429,Key.backspace,0,1652458823379027000
430,Key.backspace,1,1652458823458938000
431,Key.backspace,0,1652458823535851000
432,Key.backspace,1,1652458823613895000
433,Key.backspace,0,1652458823704942000
434,Key.backspace,1,1652458823768041000
435,Key.backspace,0,1652458824309342000
436,Key.backspace,1,1652458824372768000
437,'w',0,1652458827846887000
438,'w',1,1652458827931071000
439,'i',0,1652458827937983000
440,'i',1,1652458827995044000
441,'l',0,1652458828101412000
442,'l',1,1652458828161706000
443,'l',0,1652458828238892000
444,'l',1,1652458828311286000
445,Key.space,0,1652458828394710000
446,Key.space,1,1652458828484127000
447,'s',0,1652458828560873000
448,'s',1,1652458828636966000
449,'m',0,1652458828652090000
450,'m',1,1652458828783985000
451,'i',0,1652458828810120000
452,'t',0,1652458828910302000
453,'i',1,1652458828914102000
454,'t',1,1652458828980719000
455,'h',0,1652458829019942000
456,'h',1,1652458829092670000
457,Key.space,0,1652458829106066000
458,Key.space,1,1652458829190267000
459,'f',0,1652458830269690000
460,'f',1,1652458830358049000
461,'o',0,1652458830401231000
462,'o',1,1652458830465049000
463,'r',0,1652458830471841000
464,'r',1,1652458830520834000
465,Key.backspace,0,1652458831010107000
466,Key.backspace,1,1652458831057110000
467,Key.backspace,0,1652458831110049000
468,Key.backspace,1,1652458831207043000
469,'r',0,1652458831254733000
470,'r',1,1652458831314462000
471,'o',0,1652458831395582000
472,'m',0,1652458831418607000
473,'o',1,1652458831512522000
474,'m',1,1652458831571532000
475,Key.space,0,1652458831572763000
476,Key.space,1,1652458831659948000
477,'t',0,1652458831670922000
478,'t',1,1652458831748092000
479,Key.backspace,0,1652458832051659000
480,Key.backspace,1,1652458832108856000
481,'h',0,1652458832312836000
482,'h',1,1652458832392707000
483,'i',0,1652458832409577000
484,'i',1,1652458832510847000
485,'t',0,1652458832638999000
486,'t',1,1652458832718256000
487,'t',0,1652458832770752000
488,'t',1,1652458832851421000
489,'i',0,1652458832886831000
490,'n',0,1652458832960031000
491,'i',1,1652458832983006000
492,'n',1,1652458833067857000
493,'g',0,1652458833105539000
494,'g',1,1652458833189139000
495,Key.space,0,1652458833583874000
496,Key.space,1,1652458833700880000
497,'t',0,1652458833721712000
498,'h',0,1652458833800504000
499,'t',1,1652458833806545000
500,'h',1,1652458833895847000
501,'e',0,1652458833951126000
502,'e',1,1652458834000393000
503,Key.space,0,1652458834025913000
504,Key.space,1,1652458834121128000
505,'i',0,1652458834247919000
506,'n',0,1652458834344005000
507,'i',1,1652458834354600000
508,'n',1,1652458834447605000
509,'c',0,1652458834461928000
510,'c',1,1652458834551126000
511,Key.backspace,0,1652458834813451000
512,Key.backspace,1,1652458834889910000
513,'n',0,1652458835055865000
514,'n',1,1652458835155137000
515,'o',0,1652458835451327000
516,'o',1,1652458835534485000
517,'c',0,1652458835572681000
518,'c',1,1652458835661318000
519,'e',0,1652458835735602000
520,'e',1,1652458835774639000
521,'n',0,1652458835808756000
522,'n',1,1652458835888490000
523,'t',0,1652458835981137000
524,'t',1,1652458836030449000
525,Key.space,0,1652458836064298000
526,Key.space,1,1652458836145117000
527,'z',0,1652458837751449000
528,'z',1,1652458837835705000
529,'e',0,1652458837970545000
530,'e',1,1652458838014292000
531,'b',0,1652458838136234000
532,'b',1,1652458838184526000
533,'r',0,1652458838244738000
534,'r',1,1652458838328612000
535,'a',0,1652458838350835000
536,'a',1,1652458838440626000
537,Key.space,0,1652458838484332000
538,Key.space,1,1652458838552592000
539,'o',0,1652458838638356000
540,'o',1,1652458838722213000
541,'f',0,1652458838735671000
542,'f',1,1652458838807020000
543,Key.space,0,1652458838836197000
544,Key.space,1,1652458838936081000
545,'c',0,1652458839461405000
546,'h',0,1652458839545460000
547,'c',1,1652458839551627000
548,'h',1,1652458839645711000
549,'r',0,1652458839679667000
550,'r',1,1652458839759980000
551,'i',0,1652458839781734000
552,'i',1,1652458839861761000
553,'s',0,1652458839911409000
554,'s',1,1652458839963157000
555,Key.space,0,1652458840009621000
556,Key.space,1,1652458840077842000
557,'r',0,1652458840173082000
558,'r',1,1652458840251419000
559,'o',0,1652458840268281000
560,'o',1,1652458840353466000
561,'c',0,1652458840831653000
562,'c',1,1652458840903248000
563,'k',0,1652458840926569000
564,'k',1,1652458841050807000
565,Key.space,0,1652458841067929000
566,Key.space,1,1652458841155019000
567,Key.backspace,0,1652458841508333000
568,Key.backspace,1,1652458841601437000
569,'.',0,1652458841803561000
570,'.',1,1652458841850655000
571,Key.space,0,1652458841880274000
572,Key.space,1,1652458841988657000
573,'w',0,1652458843891293000
574,'h',0,1652458843954683000
575,'w',1,1652458843958082000
576,'h',1,1652458844027798000
577,'e',0,1652458844067599000
578,'e',1,1652458844162996000
579,'r',0,1652458844201017000
580,'e',0,1652458844301439000
581,'r',1,1652458844302285000
582,'e',1,1652458844378753000
583,Key.space,0,1652458844400463000
584,Key.space,1,1652458844491446000
585,'i',0,1652458844804477000
586,'i',1,1652458844896659000
587,'s',0,1652458844941121000
588,'s',1,1652458844993400000
589,Key.space,0,1652458845031620000
590,Key.space,1,1652458845117725000
591,'t',0,1652458845163441000
592,'t',1,1652458845234447000
593,'h',0,1652458845318352000
594,'h',1,1652458845380718000
595,'e',0,1652458845402999000
596,'e',1,1652458845487453000
597,Key.space,0,1652458845540452000
598,Key.space,1,1652458845640604000
599,'h',0,1652458846043877000
600,'h',1,1652458846112365000
601,'u',0,1652458846186539000
602,'u',1,1652458846251613000
603,'m',0,1652458846405309000
604,'m',1,1652458846461338000
605,'a',0,1652458846511205000
606,'a',1,1652458846583611000
607,'n',0,1652458846614319000
608,'n',1,1652458846667009000
609,'i',0,1652458846696947000
610,'i',1,1652458846789430000
611,'t',0,1652458846829199000
612,'t',1,1652458846893559000
613,'y',0,1652458846938476000
614,'y',1,1652458847011325000
615,Key.space,0,1652458849069822000
616,Key.space,1,1652458849162180000
617,'t',0,1652458849609206000
618,'t',1,1652458849685426000
619,'h',0,1652458849702330000
620,'e',0,1652458849751093000
621,'h',1,1652458849790639000
622,'e',1,1652458849834491000
623,Key.space,0,1652458849875179000
624,Key.space,1,1652458849971378000
625,'o',0,1652458850017986000
626,'o',1,1652458850114491000
627,'s',0,1652458850367394000
628,'s',1,1652458850427359000
629,'a',0,1652458850779084000
630,'a',1,1652458850868091000
631,Key.backspace,0,1652458851163914000
632,Key.backspace,1,1652458851256363000
633,'c',0,1652458851279233000
634,'c',1,1652458851383812000
635,'a',0,1652458851386526000
636,'a',1,1652458851507185000
637,'r',0,1652458851550315000
638,'r',1,1652458851669330000
639,'s',0,1652458851826198000
640,'s',1,1652458851938256000
641,Key.space,0,1652458851956940000
642,Key.space,1,1652458852081379000
643,'n',0,1652458852489212000
644,'n',1,1652458852567802000
645,'e',0,1652458852572016000
646,'e',1,1652458852645470000
647,'e',0,1652458852694797000
648,'e',1,1652458852767750000
649,'d',0,1652458852861880000
650,'d',1,1652458852946267000
651,'s',0,1652458852977925000
652,Key.space,0,1652458853054014000
653,'s',1,1652458853092694000
654,Key.space,1,1652458853153746000
655,'t',0,1652458853234651000
656,'o',0,1652458853306059000
657,'t',1,1652458853316674000
658,'o',1,1652458853404933000
659,Key.space,0,1652458853408829000
660,Key.space,1,1652458853520967000
661,'d',0,1652458853744179000
662,'d',1,1652458853801985000
663,'o',0,1652458853818095000
664,'o',1,1652458853901735000
665,Key.space,0,1652458853902327000
666,Key.space,1,1652458854017673000
667,'b',0,1652458854493052000
668,'b',1,1652458854561239000
669,'e',0,1652458854587238000
670,'e',1,1652458854651022000
671,'t',0,1652458854744140000
672,'t',1,1652458854833326000
673,'t',0,1652458854955261000
674,'t',1,1652458855011200000
675,'e',0,1652458855239099000
676,'e',1,1652458855311081000
677,'r',0,1652458855312213000
678,'r',1,1652458855371210000
679,Key.space,0,1652458855908825000
680,Key.space,1,1652458856001444000
681,Key.shift,0,1652458856076139000
682,'#',0,1652458856363986000
683,Key.shift,1,1652458856488275000
684,'3',1,1652458856491621000
685,'w',0,1652458857460420000
686,'w',1,1652458857520228000
687,'i',0,1652458857538339000
688,'i',1,1652458857614619000
689,'l',0,1652458857711842000
690,'l',1,1652458857775206000
691,'l',0,1652458857858874000
692,'l',1,1652458857917864000
693,'s',0,1652458858236539000
694,'s',1,1652458858296016000
695,'m',0,1652458858311381000
696,'m',1,1652458858413448000
697,'i',0,1652458858490822000
698,'i',1,1652458858562162000
699,'t',0,1652458858600537000
700,'t',1,1652458858675299000
701,'h',0,1652458858713815000
702,'h',1,1652458858783547000
703,Key.backspace,0,1652458859526887000
704,Key.backspace,1,1652458859617774000
705,Key.backspace,0,1652458859677747000
706,Key.backspace,1,1652458859749587000
707,Key.backspace,0,1652458859814878000
708,Key.backspace,1,1652458859902905000
709,Key.backspace,0,1652458859975960000
710,Key.backspace,1,1652458860056711000
711,Key.backspace,0,1652458860135626000
712,Key.backspace,1,1652458860217687000
713,Key.backspace,0,1652458860300156000
714,Key.backspace,1,1652458860372193000
715,Key.backspace,0,1652458860476843000
716,Key.backspace,1,1652458860536304000
717,Key.backspace,0,1652458860655645000
718,Key.backspace,1,1652458860707716000
719,Key.backspace,0,1652458860831088000
720,Key.backspace,1,1652458860873827000
721,Key.backspace,0,1652458860996544000
722,Key.backspace,1,1652458861047877000
723,Key.backspace,0,1652458861173624000
724,Key.backspace,1,1652458861217994000
725,Key.cmd,0,1652458877414294000
726,Key.tab,0,1652458877490200000
727,Key.cmd,1,1652458877639973000
728,Key.tab,1,1652458877640515000
729,Key.ctrl,0,1652458879366258000
730,'c',0,1652458879509347000
731,Key.cmd,0,1652459488882187000
732,Key.tab,0,1652459489001837000
733,Key.cmd,1,1652459489115409000
734,Key.tab,1,1652459489117012000
735,'i',0,1652459493143407000
736,'n',0,1652459493206157000
737,'i',1,1652459493249870000
738,'n',1,1652459493319349000
739,'s',0,1652459493326897000
740,'s',1,1652459493402343000
741,'t',0,1652459494253334000
742,'t',1,1652459494332315000
743,'a',0,1652459494614128000
744,'a',1,1652459494746757000
745,'g',0,1652459494803103000
746,'g',1,1652459494906688000
747,'r',0,1652459495120216000
748,'a',0,1652459495186851000
749,'r',1,1652459495224060000
750,'a',1,1652459495304221000
751,'m',0,1652459495330113000
752,'m',1,1652459495417386000
753,Key.enter,0,1652459495983171000
754,Key.enter,1,1652459496042501000
755,'s',0,1652459515307748000
756,'s',1,1652459515404270000
757,'l',0,1652459515437368000
758,'l',1,1652459515504560000
759,'l',0,1652459515564553000
760,'l',1,1652459515619453000
761,Key.backspace,0,1652459516005262000
762,Key.backspace,1,1652459516065462000
763,'e',0,1652459516152605000
764,'e',1,1652459516219407000
765,'e',0,1652459516277584000
766,'e',1,1652459516366494000
767,'p',0,1652459516409976000
768,'p',1,1652459516537595000
769,'y',0,1652459516972238000
770,'y',1,1652459517032812000
771,Key.space,0,1652459517047196000
772,Key.space,1,1652459517152405000
773,'j',0,1652459517313502000
774,'j',1,1652459517382791000
775,'o',0,1652459517383485000
776,'o',1,1652459517466279000
777,'r',0,1652459517499635000
778,'r',1,1652459517580010000
779,Key.backspace,0,1652459517790787000
780,Key.backspace,1,1652459517859084000
781,'e',0,1652459517909106000
782,'e',1,1652459517977715000
783,Key.space,0,1652459518017670000
784,Key.space,1,1652459518090528000
785,'w',0,1652459518532244000
786,'i',0,1652459518591612000
787,'w',1,1652459518619093000
788,'i',1,1652459518679976000
789,'t',0,1652459518710548000
790,'h',0,1652459518803681000
791,'t',1,1652459518806615000
792,'h',1,1652459518887108000
793,Key.space,0,1652459518899003000
794,Key.space,1,1652459519006380000
795,'a',0,1652459519140436000
796,'n',0,1652459519163850000
797,'a',1,1652459519215931000
798,'n',1,1652459519256010000
799,'o',0,1652459519275233000
800,'o',1,1652459519372998000
801,'t',0,1652459519407404000
802,'t',1,1652459519483327000
803,'h',0,1652459519503996000
804,'e',0,1652459519519937000
805,'h',1,1652459519608558000
806,'r',0,1652459519680762000
807,'e',1,1652459519696307000
808,'r',1,1652459519789186000
809,Key.space,0,1652459519800961000
810,Key.space,1,1652459519885573000
811,'t',0,1652459521158830000
812,'t',1,1652459521257455000
813,'e',0,1652459521295680000
814,'e',1,1652459521407031000
815,'r',0,1652459521408216000
816,'r',1,1652459521556312000
817,'r',0,1652459521664282000
818,'r',1,1652459521695344000
819,'b',0,1652459521850419000
820,'l',0,1652459521998795000
821,'b',1,1652459522014372000
822,'l',1,1652459522102890000
823,'e',0,1652459522105699000
824,'e',1,1652459522182279000
825,Key.space,0,1652459522214163000
826,Key.space,1,1652459522315544000
827,'s',0,1652459523592943000
828,'s',1,1652459523681487000
829,'p',0,1652459523712119000
830,'p',1,1652459523776341000
831,'e',0,1652459523789724000
832,'e',1,1652459523882210000
833,'e',0,1652459523969950000
834,'e',1,1652459524025126000
835,'c',0,1652459524193170000
836,'h',0,1652459524278938000
837,'c',1,1652459524292012000
838,'h',1,1652459524369660000
839,Key.space,0,1652459524382965000
840,Key.space,1,1652459524491224000
841,'a',0,1652459524917614000
842,'a',1,1652459524985338000
843,'b',0,1652459524989052000
844,'o',0,1652459525070118000
845,'b',1,1652459525085348000
846,'o',1,1652459525186593000
847,'t',0,1652459525315159000
848,'t',1,1652459525370187000
849,Key.space,0,1652459525421857000
850,Key.space,1,1652459525507064000
851,Key.backspace,0,1652459525847115000
852,Key.backspace,1,1652459525971033000
853,Key.backspace,0,1652459526077104000
854,Key.backspace,1,1652459526153121000
855,'u',0,1652459526334946000
856,'u',1,1652459526419270000
857,'t',0,1652459526423227000
858,'t',1,1652459526503611000
859,Key.space,0,1652459526553775000
860,Key.space,1,1652459526618078000
861,'t',0,1652459526762031000
862,'h',0,1652459526833423000
863,'t',1,1652459526836986000
864,'h',1,1652459526922072000
865,'e',0,1652459526950403000
866,Key.space,0,1652459527005752000
867,'e',1,1652459527046375000
868,Key.space,1,1652459527135188000
869,'r',0,1652459527666137000
870,'r',1,1652459527766420000
871,'u',0,1652459527781698000
872,'s',0,1652459527865786000
873,'u',1,1652459527869621000
874,'s',1,1652459527950693000
875,'s',0,1652459528030904000
876,'s',1,1652459528090683000
877,'i',0,1652459528161825000
878,'i',1,1652459528249753000
879,'a',0,1652459528283058000
880,'a',1,1652459528363485000
881,'n',0,1652459528376414000
882,'n',1,1652459528501129000
883,Key.space,0,1652459528508321000
884,Key.space,1,1652459528620777000
885,'a',0,1652459528628415000
886,'n',0,1652459528724032000
887,'a',1,1652459528728325000
888,'d',0,1652459528807836000
889,'n',1,1652459528827689000
890,Key.space,0,1652459528912982000
891,'d',1,1652459528958099000
892,Key.space,1,1652459529029887000
893,'u',0,1652459529992772000
894,'u',1,1652459530061128000
895,'r',0,1652459530265885000
896,'r',1,1652459530362078000
897,'a',0,1652459530386834000
898,'a',1,1652459530527099000
899,'i',0,1652459530564765000
900,'i',1,1652459530629010000
901,'n',0,1652459530682862000
902,'n',1,1652459530799071000
903,'e',0,1652459530806010000
904,'e',1,1652459530890956000
905,Key.space,0,1652459530892122000
906,Key.space,1,1652459531003283000
907,Key.backspace,0,1652459531415882000
908,Key.backspace,1,1652459531487396000
909,Key.backspace,0,1652459531546098000
910,Key.backspace,1,1652459531610145000
911,Key.backspace,0,1652459531671860000
912,Key.backspace,1,1652459531739898000
913,Key.backspace,0,1652459531804244000
914,Key.backspace,1,1652459531873006000
915,Key.backspace,0,1652459531932761000
916,Key.backspace,1,1652459532021091000
917,Key.backspace,0,1652459532176533000
918,Key.backspace,1,1652459532272778000
919,'k',0,1652459532608859000
920,'k',1,1652459532666269000
921,'r',0,1652459532756833000
922,'r',1,1652459532860654000
923,'a',0,1652459532869061000
924,'a',1,1652459532988788000
925,'i',0,1652459532996149000
926,'i',1,1652459533072908000
927,'n',0,1652459533104657000
928,'n',1,1652459533191646000
929,'e',0,1652459533224466000
930,'e',1,1652459533308067000
931,Key.space,0,1652459533331571000
932,Key.space,1,1652459533428775000
933,'s',0,1652459533731883000
934,'s',1,1652459533820203000
935,'t',0,1652459533906608000
936,'t',1,1652459533974901000
937,'u',0,1652459534052948000
938,'u',1,1652459534151165000
939,'f',0,1652459534231593000
940,'f',1,1652459534270869000
941,'f',0,1652459534356915000
942,'f',1,1652459534413092000
943,' ,',0,1652459538366951000
944,' ,',1,1652459538463135000
945,Key.space,0,1652459538475562000
946,Key.space,1,1652459538572934000
947,'w',0,1652459538726521000
948,'w',1,1652459538817597000
949,'h',0,1652459538830781000
950,'o',0,1652459538893414000
951,'h',1,1652459538912724000
952,Key.space,0,1652459538977692000
953,'o',1,1652459538988808000
954,Key.space,1,1652459539081510000
955,'c',0,1652459539449523000
956,'a',0,1652459539500683000
957,'c',1,1652459539557561000
958,'a',1,1652459539625909000
959,'s',0,1652459539680488000
960,'s',1,1652459539780885000
961,'e',0,1652459539819682000
962,'e',1,1652459539858571000
963,Key.backspace,0,1652459540037690000
964,Key.backspace,1,1652459540105433000
965,'r',0,1652459540149356000
966,'e',0,1652459540205706000
967,'r',1,1652459540248725000
968,'e',1,1652459540297691000
969,Key.backspace,0,1652459540382591000
970,Key.backspace,1,1652459540430881000
971,Key.backspace,0,1652459540509156000
972,Key.backspace,1,1652459540583673000
973,'r',0,1652459540626464000
974,'e',0,1652459540724742000
975,'r',1,1652459540743473000
976,'e',1,1652459540844926000
977,Key.backspace,0,1652459540927560000
978,Key.backspace,1,1652459540987958000
979,Key.backspace,0,1652459541045493000
980,Key.backspace,1,1652459541133686000
981,Key.backspace,0,1652459541190624000
982,Key.backspace,1,1652459541270571000
983,'r',0,1652459541274525000
984,'e',0,1652459541313379000
985,'r',1,1652459541357204000
986,'s',0,1652459541449774000
987,'e',1,1652459541457510000
988,'s',1,1652459541554671000
989,'.',0,1652459542369574000
990,Key.space,0,1652459542444655000
991,'.',1,1652459542445606000
992,Key.space,1,1652459542573814000
993,'w',0,1652459545630419000
994,'e',0,1652459545693710000
995,'w',1,1652459545713113000
996,Key.space,0,1652459545786453000
997,'e',1,1652459545801340000
998,Key.space,1,1652459545878516000
999,'n',0,1652459545955725000
1000,'e',0,1652459546028355000
1001,'n',1,1652459546036226000
1002,'e',1,1652459546108071000
1003,'e',0,1652459546176726000
1004,'e',1,1652459546239927000
1005,'d',0,1652459546334341000
1006,'d',1,1652459546398181000
1007,Key.space,0,1652459546454066000
1008,Key.space,1,1652459546505545000
1009,'t',0,1652459546569963000
1010,'o',0,1652459546652399000
1011,'t',1,1652459546660183000
1012,'o',1,1652459546713200000
1013,Key.space,0,1652459546735936000
1014,Key.space,1,1652459546836650000
1015,'c',0,1652459547271228000
1016,'a',0,1652459547359271000
1017,'c',1,1652459547392610000
1018,'a',1,1652459547479697000
1019,'r',0,1652459547618410000
1020,'e',0,1652459547722260000
1021,'r',1,1652459547723581000
1022,'e',1,1652459547825655000
1023,Key.space,0,1652459547887240000
1024,Key.space,1,1652459548007330000
1025,'a',0,1652459548388389000
1026,'b',0,1652459548488710000
1027,'a',1,1652459548503199000
1028,'b',1,1652459548572386000
1029,'o',0,1652459548604226000
1030,'u',0,1652459548707897000
1031,'o',1,1652459548730987000
1032,'u',1,1652459548820343000
1033,'t',0,1652459548824340000
1034,'t',1,1652459548904471000
1035,Key.space,0,1652459548917314000
1036,Key.space,1,1652459549013711000
1037,Key.shift,0,1652459549028285000
1038,'M',0,1652459549175410000
1039,'M',1,1652459549255287000
1040,'U',0,1652459549356143000
1041,'U',1,1652459549424191000
1042,'R',0,1652459549465460000
1043,'R',1,1652459549540078000
1044,'I',0,1652459549628453000
1045,'I',1,1652459549704202000
1046,'C',0,1652459549796156000
1047,'C',1,1652459549872160000
1048,'A',0,1652459550040458000
1049,'A',1,1652459550128916000
1050,Key.shift,1,1652459550232532000
1051,' ,',0,1652459552115618000
1052,' ,',1,1652459552171493000
1053,Key.space,0,1652459552215133000
1054,Key.space,1,1652459552323805000
1055,'a',0,1652459552568389000
1056,'a',1,1652459552656029000
1057,'n',0,1652459552663758000
1058,'n',1,1652459552760657000
1059,'d',0,1652459552793692000
1060,Key.space,0,1652459552848331000
1061,'d',1,1652459552867908000
1062,Key.space,1,1652459552969383000
1063,'n',0,1652459554646915000
1064,'n',1,1652459554730942000
1065,'e',0,1652459554738265000
1066,'e',1,1652459554795435000
1067,'e',0,1652459554860062000
1068,'e',1,1652459554916387000
1069,'d',0,1652459555005855000
1070,'d',1,1652459555078441000
1071,Key.space,0,1652459555099974000
1072,Key.space,1,1652459555207292000
1073,'a',0,1652459555215152000
1074,Key.space,0,1652459555280276000
1075,'a',1,1652459555299167000
1076,Key.space,1,1652459555388485000
1077,'p',0,1652459555615067000
1078,'p',1,1652459555707375000
1079,'r',0,1652459555730335000
1080,'e',0,1652459555830559000
1081,'r',1,1652459555833917000
1082,'e',1,1652459555950269000
1083,'s',0,1652459556026949000
1084,'s',1,1652459556119092000
1085,'i',0,1652459556140644000
1086,'i',1,1652459556221227000
1087,'e',0,1652459556428719000
1088,'e',1,1652459556472347000
1089,Key.backspace,0,1652459556815938000
1090,Key.backspace,1,1652459556875242000
1091,'d',0,1652459556888987000
1092,'d',1,1652459556954580000
1093,'e',0,1652459557057868000
1094,'e',1,1652459557133905000
1095,'n',0,1652459557138144000
1096,'n',1,1652459557209533000
1097,'t',0,1652459557260840000
1098,Key.space,0,1652459557332874000
1099,'t',1,1652459557341477000
1100,Key.space,1,1652459557433199000
1101,'w',0,1652459557741835000
1102,'w',1,1652459557825822000
1103,'h',0,1652459557830388000
1104,'o',0,1652459557904716000
1105,'h',1,1652459557928744000
1106,Key.space,0,1652459558009784000
1107,'o',1,1652459558020815000
1108,Key.space,1,1652459558109892000
1109,'c',0,1652459558282804000
1110,'a',0,1652459558367204000
1111,'c',1,1652459558389848000
1112,'a',1,1652459558491145000
1113,'r',0,1652459558548812000
1114,'e',0,1652459558656814000
1115,'r',1,1652459558680459000
1116,'s',0,1652459558736121000
1117,'e',1,1652459558764005000
1118,'s',1,1652459558861240000
1119,' ,',0,1652459558966962000
1120,' ,',1,1652459559067284000
1121,Key.space,0,1652459559081161000
1122,Key.space,1,1652459559166374000
1123,Key.backspace,0,1652459559663007000
1124,Key.backspace,1,1652459559714439000
1125,Key.backspace,0,1652459559784792000
1126,Key.backspace,1,1652459559868872000
1127,Key.space,0,1652459559966898000
1128,Key.space,1,1652459560057742000
1129,'t',0,1652459560082247000
1130,'t',1,1652459560150649000
1131,'o',0,1652459560180747000
1132,'o',1,1652459560240440000
1133,'o',0,1652459560306182000
1134,'o',1,1652459560386947000
1135,Key.space,0,1652459560441307000
1136,Key.space,1,1652459560540954000
1137,Key.backspace,0,1652459560998562000
1138,Key.backspace,1,1652459561091125000
1139,'.',0,1652459561152827000
1140,'.',1,1652459561252301000
1141,Key.space,0,1652459561311341000
1142,Key.space,1,1652459561388426000
1143,'w',0,1652459566192755000
1144,'e',0,1652459566292585000
1145,'w',1,1652459566303819000
1146,Key.space,0,1652459566388651000
1147,'e',1,1652459566396539000
1148,Key.space,1,1652459566476743000
1149,'n',0,1652459566526527000
1150,'n',1,1652459566618625000
1151,'e',0,1652459566626451000
1152,'e',1,1652459566670722000
1153,'e',0,1652459566740245000
1154,'e',1,1652459566792852000
1155,'d',0,1652459566914461000
1156,Key.space,0,1652459566957254000
1157,'d',1,1652459567009886000
1158,Key.space,1,1652459567070085000
1159,'a',0,1652459567548516000
1160,Key.space,0,1652459567628850000
1161,'a',1,1652459567667492000
1162,Key.space,1,1652459567720664000
1163,'g',0,1652459567843143000
1164,'u',0,1652459567918618000
1165,'g',1,1652459567933641000
1166,'u',1,1652459567987466000
1167,'y',0,1652459568072492000
1168,'y',1,1652459568132395000
1169,Key.space,0,1652459568158540000
1170,Key.space,1,1652459568266734000
1171,'w',0,1652459569008599000
1172,'w',1,1652459569096423000
1173,'h',0,1652459569103667000
1174,'h',1,1652459569182444000
1175,'o',0,1652459569184443000
1176,'o',1,1652459569252538000
1177,Key.space,0,1652459569256560000
1178,Key.space,1,1652459569361583000
1179,'c',0,1652459569470528000
1180,'a',0,1652459569517295000
1181,'c',1,1652459569557695000
1182,'n',0,1652459569598249000
1183,'a',1,1652459569637310000
1184,'n',1,1652459569702741000
1185,Key.space,0,1652459569706839000
1186,Key.space,1,1652459569810168000
1187,'g',0,1652459570298647000
1188,'g',1,1652459570378346000
1189,'i',0,1652459570386476000
1190,'i',1,1652459570466595000
1191,'b',0,1652459570504773000
1192,'b',1,1652459570604715000
1193,'e',0,1652459570628605000
1194,'e',1,1652459570697162000
1195,Key.space,0,1652459570767085000
1196,Key.space,1,1652459570890740000
1197,'a',0,1652459571787705000
1198,Key.space,0,1652459571888358000
1199,'a',1,1652459571918469000
1200,Key.space,1,1652459571954970000
1201,'b',0,1652459572100290000
1202,'b',1,1652459572164963000
1203,'e',0,1652459572168496000
1204,'e',1,1652459572252816000
1205,'t',0,1652459572349363000
1206,'t',1,1652459572417643000
1207,'t',0,1652459572476539000
1208,'t',1,1652459572560635000
1209,'e',0,1652459572606300000
1210,'r',0,1652459572718137000
1211,'e',1,1652459572725381000
1212,Key.space,0,1652459572814335000
1213,'r',1,1652459572821941000
1214,Key.space,1,1652459572934667000
1215,'s',0,1652459573165547000
1216,'s',1,1652459573255482000
1217,'p',0,1652459573271880000
1218,'p',1,1652459573352663000
1219,'e',0,1652459573366718000
1220,'e',1,1652459573435745000
1221,'e',0,1652459573502448000
1222,'e',1,1652459573561937000
1223,'c',0,1652459573750448000
1224,'c',1,1652459573766550000
1225,'h',0,1652459573791296000
1226,'h',1,1652459573894999000
1227,'a',0,1652459573955579000
1228,Key.space,0,1652459573977932000
1229,'a',1,1652459574050228000
1230,Key.space,1,1652459574058354000
1231,Key.backspace,0,1652459574505559000
1232,Key.backspace,1,1652459574558750000
1233,Key.backspace,0,1652459574679026000
1234,Key.backspace,1,1652459574716585000
1235,'h',0,1652459575554340000
1236,'h',1,1652459575616335000
1237,Key.space,0,1652459575625877000
1238,Key.space,1,1652459575717459000
1239,'t',0,1652459575748495000
1240,'h',0,1652459575839431000
1241,'t',1,1652459575840054000
1242,'a',0,1652459575906638000
1243,'h',1,1652459575922253000
1244,'t',0,1652459575979578000
1245,'a',1,1652459576014031000
1246,'t',1,1652459576021967000
1247,'n',0,1652459576026578000
1248,'n',1,1652459576113418000
1249,Key.space,0,1652459576139227000
1250,Key.space,1,1652459576252160000
1251,'a',0,1652459576293389000
1252,Key.space,0,1652459576332127000
1253,'a',1,1652459576368809000
1254,Key.space,1,1652459576441598000
1255,'2',0,1652459576868475000
1256,'2',1,1652459576939380000
1257,Key.space,0,1652459576959414000
1258,Key.space,1,1652459577023730000
1259,Key.backspace,0,1652459577352684000
1260,Key.backspace,1,1652459577443107000
1261,'n',0,1652459577554420000
1262,'d',0,1652459577652757000
1263,'n',1,1652459577681262000
1264,Key.space,0,1652459577701094000
1265,'d',1,1652459577720891000
1266,Key.space,1,1652459577810325000
1267,'g',0,1652459578203654000
1268,'g',1,1652459578259130000
1269,'r',0,1652459578318961000
1270,'e',0,1652459578377137000
1271,'r',1,1652459578417873000
1272,'e',1,1652459578437136000
1273,'a',0,1652459578470830000
1274,'a',1,1652459578614542000
1275,Key.backspace,0,1652459578786392000
1276,Key.backspace,1,1652459578854637000
1277,Key.backspace,0,1652459578907601000
1278,Key.backspace,1,1652459579008123000
1279,'a',0,1652459579023333000
1280,'a',1,1652459579151554000
1281,'d',0,1652459579155167000
1282,'d',1,1652459579240916000
1283,'e',0,1652459579372158000
1284,'e',1,1652459579488244000
1285,'r',0,1652459579805154000
1286,'r',1,1652459579929552000
1287,Key.space,0,1652459584827982000
1288,Key.space,1,1652459584952329000
1289,'a',0,1652459585015694000
1290,'a',1,1652459585082392000
1291,'n',0,1652459585134052000
1292,'d',0,1652459585221951000
1293,'n',1,1652459585241067000
1294,'d',1,1652459585288959000
1295,Key.space,0,1652459585289791000
1296,Key.space,1,1652459585402027000
1297,'m',0,1652459585984434000
1298,'m',1,1652459586051860000
1299,'a',0,1652459586103684000
1300,'a',1,1652459586200131000
1301,'y',0,1652459586238226000
1302,'y',1,1652459586295505000
1303,'b',0,1652459586403888000
1304,'b',1,1652459586485014000
1305,'e',0,1652459586521543000
1306,Key.space,0,1652459586556626000
1307,'e',1,1652459586580643000
1308,Key.space,1,1652459586646393000
1309,'h',0,1652459586711423000
1310,'h',1,1652459586786849000
1311,'e',0,1652459586801180000
1312,'e',1,1652459586865128000
1313,Key.space,0,1652459586904680000
1314,Key.space,1,1652459586989032000
1315,'s',0,1652459587072593000
1316,'s',1,1652459587139999000
1317,'h',0,1652459587155913000
1318,'o',0,1652459587238235000
1319,'h',1,1652459587248005000
1320,'u',0,1652459587373427000
1321,'o',1,1652459587399541000
1322,'u',1,1652459587481218000
1323,'l',0,1652459587555847000
1324,'d',0,1652459587594954000
1325,'l',1,1652459587618465000
1326,Key.space,0,1652459587626522000
1327,'d',1,1652459587662733000
1328,Key.space,1,1652459587744028000
1329,'d',0,1652459588561895000
1330,'d',1,1652459588621812000
1331,'y',0,1652459588647716000
1332,'y',1,1652459588725041000
1333,'e',0,1652459588744615000
1334,'e',1,1652459588817027000
1335,Key.space,0,1652459588820910000
1336,Key.space,1,1652459588908557000
1337,'h',0,1652459589037644000
1338,'h',1,1652459589106127000
1339,'i',0,1652459589118980000
1340,'i',1,1652459589215337000
1341,'s',0,1652459589248849000
1342,Key.space,0,1652459589297035000
1343,'s',1,1652459589307856000
1344,Key.space,1,1652459589396968000
1345,'h',0,1652459589979954000
1346,'a',0,1652459590055844000
1347,'h',1,1652459590059038000
1348,'a',1,1652459590132415000
1349,'i',0,1652459590190794000
1350,'i',1,1652459590264861000
1351,'r',0,1652459590278766000
1352,'r',1,1652459590366667000
1353,Key.space,0,1652459590374292000
1354,Key.space,1,1652459590479100000
1355,'b',0,1652459590676089000
1356,'b',1,1652459590739876000
1357,'r',0,1652459590802887000
1358,'r',1,1652459590886773000
1359,'o',0,1652459590932010000
1360,'o',1,1652459591011724000
1361,'w',0,1652459591019366000
1362,'w',1,1652459591100159000
1363,'n',0,1652459591114905000
1364,'n',1,1652459591210811000
1365,Key.space,0,1652459591233350000
1366,Key.space,1,1652459591352123000
1367,'t',0,1652459591552070000
1368,'o',0,1652459591639570000
1369,'t',1,1652459591662703000
1370,'o',1,1652459591732173000
1371,Key.space,0,1652459591750206000
1372,Key.space,1,1652459591830756000
1373,'l',0,1652459591940669000
1374,'l',1,1652459591992939000
1375,'o',0,1652459592101920000
1376,'o',1,1652459592162930000
1377,'o',0,1652459592222434000
1378,'o',1,1652459592305572000
1379,'k',0,1652459592382710000
1380,'k',1,1652459592463981000
1381,Key.space,0,1652459592504352000
1382,Key.space,1,1652459592605407000
1383,'a',0,1652459592642374000
1384,'a',1,1652459592735977000
1385,'n',0,1652459592762548000
1386,'n',1,1652459592873713000
1387,Key.space,0,1652459593141699000
1388,Key.space,1,1652459593202964000
1389,Key.backspace,0,1652459593390662000
1390,Key.backspace,1,1652459593453979000
1391,Key.backspace,0,1652459593518687000
1392,Key.backspace,1,1652459593594189000
1393,Key.space,0,1652459593745863000
1394,Key.space,1,1652459593814225000
1395,'l',0,1652459593882873000
1396,'l',1,1652459593971902000
1397,'t',0,1652459594300642000
1398,'t',1,1652459594356182000
1399,Key.backspace,0,1652459594726658000
1400,Key.backspace,1,1652459594822766000
1401,'i',0,1652459594989621000
1402,'i',1,1652459595077653000
1403,'t',0,1652459595089307000
1404,'t',1,1652459595161747000
1405,'t',0,1652459595220849000
1406,'t',1,1652459595298057000
1407,'l',0,1652459595327501000
1408,'l',1,1652459595427473000
1409,'e',0,1652459595435408000
1410,'e',1,1652459595555670000
1411,Key.space,0,1652459595596384000
1412,Key.space,1,1652459595675408000
1413,'y',0,1652459596109332000
1414,'o',0,1652459596190805000
1415,'y',1,1652459596200748000
1416,'u',0,1652459596269400000
1417,'o',1,1652459596312432000
1418,'u',1,1652459596345274000
1419,'n',0,1652459596446863000
1420,'n',1,1652459596567869000
1421,'g',0,1652459596633380000
1422,'e',0,1652459596713239000
1423,'g',1,1652459596728560000
1424,'e',1,1652459596848654000
1425,'r',0,1652459596865666000
1426,'r',1,1652459596929865000
1427,Key.space,0,1652459596976387000
1428,Key.space,1,1652459597068850000
1429,'t',0,1652459597202343000
1430,'o',0,1652459597274857000
1431,'t',1,1652459597294070000
1432,'o',1,1652459597352284000
1433,'o',0,1652459597404199000
1434,'o',1,1652459597492705000
1435,Key.space,0,1652459597506756000
1436,Key.space,1,1652459597611799000
1437,Key.backspace,0,1652459598755376000
1438,Key.backspace,1,1652459598786554000
1439,'.',0,1652459599262529000
1440,'.',1,1652459599329885000
1441,Key.space,0,1652459599350334000
1442,Key.space,1,1652459599453846000
1443,'g',0,1652459600032261000
1444,'g',1,1652459600105038000
1445,'o',0,1652459600130080000
1446,'o',1,1652459600184591000
1447,'o',0,1652459600254510000
1448,'o',1,1652459600331575000
1449,'d',0,1652459600365280000
1450,'d',1,1652459600435499000
1451,'b',0,1652459600576285000
1452,'b',1,1652459600630523000
1453,'y',0,1652459600735372000
1454,'y',1,1652459600784011000
1455,'e',0,1652459600822159000
1456,'e',1,1652459600889474000
1457,Key.space,0,1652459601159826000
1458,Key.space,1,1652459601216354000
1459,Key.cmd,0,1652459606287589000
1460,Key.tab,0,1652459606379111000
1461,Key.cmd,1,1652459606562359000
1462,Key.tab,1,1652459606606541000
1463,<0>,1,1652459606825755000
1464,Key.ctrl,0,1652459608293325000
1465,'c',0,1652459608441484000
1466,Key.cmd,0,1652460099853054000
1467,Key.tab,0,1652460099909997000
1468,Key.cmd,1,1652460099993933000
1469,Key.tab,1,1652460100006854000
1470,'i',0,1652460101711283000
1471,'n',0,1652460101854241000
1472,'i',1,1652460101866054000
1473,'s',0,1652460101869688000
1474,'n',1,1652460101934570000
1475,'s',1,1652460101950269000
1476,'t',0,1652460102100080000
1477,'t',1,1652460102213293000
1478,'a',0,1652460103092125000
1479,'a',1,1652460103205020000
1480,'g',0,1652460103358001000
1481,'g',1,1652460103461735000
1482,'r',0,1652460103671796000
1483,'r',1,1652460103783207000
1484,'a',0,1652460103838421000
1485,'m',0,1652460103888867000
1486,'a',1,1652460103924737000
1487,'m',1,1652460104009988000
1488,Key.enter,0,1652460104086058000
1489,Key.enter,1,1652460104191265000
1490,Key.cmd,0,1652460171770223000
1491,Key.tab,0,1652460171858036000
1492,Key.tab,1,1652460171969917000
1493,Key.cmd,1,1652460171974782000
1494,Key.cmd,0,1652460174723916000
1495,Key.tab,0,1652460174823639000
1496,Key.cmd,1,1652460174891636000
1497,Key.tab,1,1652460174919564000
1498,'w',0,1652460181701469000
1499,'o',0,1652460181750383000
1500,'w',1,1652460181758164000
1501,'w',0,1652460181852542000
1502,'o',1,1652460181866671000
1503,'w',1,1652460181915918000
1504,Key.space,0,1652460181942331000
1505,Key.space,1,1652460182059184000
1506,'i',0,1652460183195019000
1507,'i',1,1652460183263260000
1508,Key.space,0,1652460183284292000
1509,Key.space,1,1652460183400796000
1510,'r',0,1652460183484696000
1511,'e',0,1652460183612531000
1512,'r',1,1652460183643164000
1513,'e',1,1652460183680840000
1514,Key.backspace,0,1652460183864530000
1515,Key.backspace,1,1652460183948571000
1516,Key.backspace,0,1652460183996512000
1517,Key.backspace,1,1652460184080993000
1518,'h',0,1652460184358930000
1519,'h',1,1652460184412967000
1520,Key.backspace,0,1652460184680664000
1521,Key.backspace,1,1652460184759064000
1522,'j',0,1652460184860242000
1523,'j',1,1652460184928668000
1524,'u',0,1652460185022581000
1525,'u',1,1652460185076048000
1526,'s',0,1652460185144143000
1527,'s',1,1652460185196286000
1528,'t',0,1652460185216687000
1529,'t',1,1652460185300472000
1530,Key.space,0,1652460185392350000
1531,Key.space,1,1652460185449065000
1532,'r',0,1652460185842502000
1533,'e',0,1652460185925968000
1534,'r',1,1652460185955187000
1535,'e',1,1652460186060382000
1536,'w',0,1652460186177455000
1537,'w',1,1652460186250631000
1538,'a',0,1652460186345542000
1539,'a',1,1652460186445873000
1540,'t',0,1652460186548469000
1541,'t',1,1652460186612663000
1542,'c',0,1652460187125892000
1543,'c',1,1652460187178022000
1544,'h',0,1652460187215238000
1545,'h',1,1652460187299639000
1546,'e',0,1652460187335580000
1547,'e',1,1652460187399555000
1548,'d',0,1652460187468348000
1549,'d',1,1652460187556365000
1550,Key.space,0,1652460187563911000
1551,Key.space,1,1652460187679811000
1552,'a',0,1652460187894324000
1553,'a',1,1652460187929441000
1554,Key.space,0,1652460187955715000
1555,Key.space,1,1652460188108805000
1556,'s',0,1652460188321372000
1557,'s',1,1652460188405774000
1558,'p',0,1652460188419430000
1559,'p',1,1652460188509397000
1560,'e',0,1652460188561414000
1561,'e',1,1652460188637022000
1562,'e',0,1652460188699709000
1563,'e',1,1652460188764469000
1564,'c',0,1652460188856341000
1565,'c',1,1652460188959700000
1566,'h',0,1652460188974625000
1567,'h',1,1652460189054060000
1568,Key.space,0,1652460189061430000
1569,Key.space,1,1652460189159311000
1570,'f',0,1652460189432442000
1571,'f',1,1652460189499848000
1572,'r',0,1652460189592638000
1573,'r',1,1652460189692759000
1574,'o',0,1652460189698498000
1575,'m',0,1652460189808936000
1576,'o',1,1652460189818411000
1577,Key.space,0,1652460189858873000
1578,'m',1,1652460189874520000
1579,Key.space,1,1652460189967348000
1580,'o',0,1652460190149300000
1581,'o',1,1652460190249459000
1582,'n',0,1652460190261203000
1583,'n',1,1652460190359001000
1584,'e',0,1652460190375015000
1585,'e',1,1652460190438568000
1586,Key.space,0,1652460190464473000
1587,Key.space,1,1652460190542388000
1588,'o',0,1652460190718730000
1589,'o',1,1652460190799704000
1590,'f',0,1652460190818277000
1591,Key.space,0,1652460190906190000
1592,'f',1,1652460190925101000
1593,Key.space,1,1652460191009063000
1594,'m',0,1652460191748317000
1595,'m',1,1652460191842683000
1596,'y',0,1652460191959261000
1597,'y',1,1652460192018803000
1598,Key.space,0,1652460192086486000
1599,Key.space,1,1652460192162453000
1600,'f',0,1652460192315424000
1601,'f',1,1652460192418616000
1602,'a',0,1652460192426166000
1603,'a',1,1652460192535480000
1604,'v',0,1652460192599315000
1605,'v',1,1652460192687466000
1606,'o',0,1652460192702471000
1607,'o',1,1652460192792679000
1608,'r',0,1652460192805536000
1609,'r',1,1652460192889818000
1610,'i',0,1652460192915194000
1611,'i',1,1652460192987589000
1612,'t',0,1652460193006007000
1613,'e',0,1652460193130550000
1614,'t',1,1652460193131716000
1615,'e',1,1652460193261482000
1616,Key.space,0,1652460193278292000
1617,Key.space,1,1652460193382525000
1618,'m',0,1652460193559053000
1619,'o',0,1652460193689548000
1620,'m',1,1652460193708910000
1621,'o',1,1652460193794441000
1622,'e',0,1652460193996355000
1623,'e',1,1652460194096419000
1624,Key.backspace,0,1652460194333096000
1625,Key.backspace,1,1652460194404341000
1626,'v',0,1652460194453370000
1627,'e',0,1652460194536575000
1628,'v',1,1652460194541758000
1629,'i',0,1652460194602286000
1630,'e',1,1652460194617349000
1631,'i',1,1652460194701416000
1632,'s',0,1652460194766422000
1633,'s',1,1652460194906809000
1634,Key.space,0,1652460194950384000
1635,Key.space,1,1652460195018184000
1636,Key.backspace,0,1652460195187882000
1637,Key.backspace,1,1652460195256178000
1638,Key.backspace,0,1652460195318312000
1639,Key.backspace,1,1652460195421812000
1640,'s',0,1652460195838965000
1641,'s',1,1652460195916094000
1642,Key.space,0,1652460195929484000
1643,Key.space,1,1652460196030628000
1644,Key.backspace,0,1652460196348199000
1645,Key.backspace,1,1652460196443886000
1646,' ,',0,1652460196506232000
1647,' ,',1,1652460196578660000
1648,Key.space,0,1652460196676848000
1649,Key.space,1,1652460196779624000
1650,'c',0,1652460197002150000
1651,'c',1,1652460197130407000
1652,'o',0,1652460197156168000
1653,'a',0,1652460197160084000
1654,'o',1,1652460197257082000
1655,'a',1,1652460197279256000
1656,'c',0,1652460197358901000
1657,'c',1,1652460197459624000
1658,'h',0,1652460197461946000
1659,'h',1,1652460197546010000
1660,Key.space,0,1652460197553073000
1661,Key.space,1,1652460197659094000
1662,'c',0,1652460197876234000
1663,'a',0,1652460197972236000
1664,'c',1,1652460197975661000
1665,'a',1,1652460198071730000
1666,'r',0,1652460198137993000
1667,'r',1,1652460198213997000
1668,'t',0,1652460198295123000
1669,'t',1,1652460198367169000
1670,'e',0,1652460198378412000
1671,'r',0,1652460198495144000
1672,'e',1,1652460198517820000
1673,'r',1,1652460198579644000
1674,'.',0,1652460199632163000
1675,Key.space,0,1652460199679518000
1676,'.',1,1652460199686981000
1677,Key.space,1,1652460199792129000
1678,'a',0,1652460252144453000
1679,'a',1,1652460252211871000
1680,'n',0,1652460252216274000
1681,'n',1,1652460252312748000
1682,Key.space,0,1652460252313973000
1683,Key.space,1,1652460252397207000
1684,'a',0,1652460253080516000
1685,'a',1,1652460253172095000
1686,'m',0,1652460253186042000
1687,'a',0,1652460253258640000
1688,'m',1,1652460253302111000
1689,'a',1,1652460253326736000
1690,'i',0,1652460253525555000
1691,'i',1,1652460253625729000
1692,Key.backspace,0,1652460254129337000
1693,Key.backspace,1,1652460254182193000
1694,Key.backspace,0,1652460254281462000
1695,Key.backspace,1,1652460254299065000
1696,'z',0,1652460254483294000
1697,'z',1,1652460254580423000
1698,Key.backspace,0,1652460255439385000
1699,Key.backspace,1,1652460255531385000
1700,'a',0,1652460256698182000
1701,'a',1,1652460256774051000
1702,'z',0,1652460256781697000
1703,'z',1,1652460256866684000
1704,'i',0,1652460256954918000
1705,'n',0,1652460257051367000
1706,'i',1,1652460257085979000
1707,'n',1,1652460257199056000
1708,'g',0,1652460257257047000
1709,'g',1,1652460257365406000
1710,Key.space,0,1652460258081166000
1711,Key.space,1,1652460258152276000
1712,'p',0,1652460260186223000
1713,'p',1,1652460260279706000
1714,'e',0,1652460260305710000
1715,'e',1,1652460260390123000
1716,'r',0,1652460260398086000
1717,'r',1,1652460260510534000
1718,'f',0,1652460261358091000
1719,'f',1,1652460261430730000
1720,'o',0,1652460261521207000
1721,'o',1,1652460261620879000
1722,'r',0,1652460261681947000
1723,'r',1,1652460261742138000
1724,'m',0,1652460261749809000
1725,'m',1,1652460261850223000
1726,'a',0,1652460261916136000
1727,'a',1,1652460261980518000
1728,'c',0,1652460262054896000
1729,'n',0,1652460262118314000
1730,'c',1,1652460262137999000
1731,'n',1,1652460262232604000
1732,'e',0,1652460262316118000
1733,Key.space,0,1652460262431431000
1734,'e',1,1652460262435279000
1735,Key.space,1,1652460262540248000
1736,'b',0,1652460263947341000
1737,'b',1,1652460264048333000
1738,'y',0,1652460264191071000
1739,'y',1,1652460264254315000
1740,Key.space,0,1652460264308078000
1741,Key.space,1,1652460264388196000
1742,'t',0,1652460264891153000
1743,'t',1,1652460264975298000
1744,'h',0,1652460264988365000
1745,'e',0,1652460265015889000
1746,'h',1,1652460265097433000
1747,'e',1,1652460265133125000
1748,Key.space,0,1652460265155705000
1749,Key.space,1,1652460265252119000
1750,'h',0,1652460265864870000
1751,'h',1,1652460265963777000
1752,'u',0,1652460265990734000
1753,'u',1,1652460266080873000
1754,'n',0,1652460266151107000
1755,'k',0,1652460266251802000
1756,'n',1,1652460266287173000
1757,Key.space,0,1652460266335766000
1758,'k',1,1652460266343282000
1759,Key.space,1,1652460266432070000
1760,'c',0,1652460266994040000
1761,'h',0,1652460267046289000
1762,'c',1,1652460267089084000
1763,'h',1,1652460267121303000
1764,'a',0,1652460267125021000
1765,'a',1,1652460267221538000
1766,'n',0,1652460267251592000
1767,'n',1,1652460267352056000
1768,'n',0,1652460267434619000
1769,'n',1,1652460267527404000
1770,'i',0,1652460267621028000
1771,'n',0,1652460267714355000
1772,'i',1,1652460267721126000
1773,'g',0,1652460267798045000
1774,'n',1,1652460267850051000
1775,'g',1,1652460267866438000
1776,Key.space,0,1652460267927132000
1777,Key.space,1,1652460268026046000
1778,Key.backspace,0,1652460269413982000
1779,Key.backspace,1,1652460269501127000
1780,Key.backspace,0,1652460269547877000
1781,Key.backspace,1,1652460269648025000
1782,Key.backspace,0,1652460269696814000
1783,Key.backspace,1,1652460269780273000
1784,Key.backspace,0,1652460269850142000
1785,Key.backspace,1,1652460269924818000
1786,Key.backspace,0,1652460270001523000
1787,Key.backspace,1,1652460270089529000
1788,'n',0,1652460270863815000
1789,'n',1,1652460270952588000
1790,'i',0,1652460270976855000
1791,'n',0,1652460271056659000
1792,'i',1,1652460271076114000
1793,'n',1,1652460271164646000
1794,'g',0,1652460271169595000
1795,'g',1,1652460271247479000
1796,Key.space,0,1652460271293735000
1797,Key.space,1,1652460271381285000
1798,'a',0,1652460272158861000
1799,'a',1,1652460272258952000
1800,Key.backspace,0,1652460272567619000
1801,Key.backspace,1,1652460272651782000
1802,'t',0,1652460272697832000
1803,'a',0,1652460272787128000
1804,'t',1,1652460272793166000
1805,'t',0,1652460272869667000
1806,'a',1,1652460272892373000
1807,'t',1,1652460272985996000
1808,'u',0,1652460273030589000
1809,'u',1,1652460273114994000
1810,'m',0,1652460273268980000
1811,'m',1,1652460273316884000
1812,Key.space,0,1652460273349687000
1813,Key.space,1,1652460273465917000
1814,'a',0,1652460278405648000
1815,'n',0,1652460278480305000
1816,'a',1,1652460278504232000
1817,'d',0,1652460278601425000
1818,'n',1,1652460278609260000
1819,Key.space,0,1652460278636230000
1820,'d',1,1652460278682047000
1821,Key.space,1,1652460278749718000
1822,'s',0,1652460278901604000
1823,'s',1,1652460278969026000
1824,'a',0,1652460278990212000
1825,'m',0,1652460279080184000
1826,'a',1,1652460279113790000
1827,'m',1,1652460279173490000
1828,Key.space,0,1652460279185129000
1829,Key.space,1,1652460279296487000
1830,Key.shift,0,1652460279792717000
1831,'L',0,1652460279860506000
1832,'L',1,1652460279956632000
1833,Key.space,0,1652460279960582000
1834,Key.shift,1,1652460279971469000
1835,Key.space,1,1652460280068471000
1836,Key.shift,0,1652460280620564000
1837,'J',0,1652460280824727000
1838,Key.shift,1,1652460280855199000
1839,'j',1,1652460280888997000
1840,'a',0,1652460281005680000
1841,'a',1,1652460281121288000
1842,'v',0,1652460281130045000
1843,'v',1,1652460281199540000
1844,Key.backspace,0,1652460281492507000
1845,Key.backspace,1,1652460281563072000
1846,'c',0,1652460281604496000
1847,'c',1,1652460281684386000
1848,'k',0,1652460281739419000
1849,'k',1,1652460281831454000
1850,'s',0,1652460282043344000
1851,'o',0,1652460282096376000
1852,'s',1,1652460282126038000
1853,'n',0,1652460282191514000
1854,'o',1,1652460282210191000
1855,Key.space,0,1652460282276012000
1856,'n',1,1652460282279635000
1857,Key.space,1,1652460282355435000
1858,Key.backspace,0,1652460284614237000
1859,Key.backspace,1,1652460284696934000
1860,'s',0,1652460284708782000
1861,'s',1,1652460284776638000
1862,Key.space,0,1652460285471534000
1863,Key.space,1,1652460285581745000
1864,Key.backspace,0,1652460292383547000
1865,'.',0,1652460292481013000
1866,Key.backspace,1,1652460292492056000
1867,'.',1,1652460292585170000
1868,Key.space,0,1652460292633421000
1869,Key.space,1,1652460292708287000
1870,'i',0,1652460295062647000
1871,'i',1,1652460295144801000
1872,'f',0,1652460295156094000
1873,Key.space,0,1652460295183999000
1874,'f',1,1652460295236248000
1875,Key.space,1,1652460295301084000
1876,'y',0,1652460295463078000
1877,'o',0,1652460295550357000
1878,'y',1,1652460295553918000
1879,'u',0,1652460295650861000
1880,'o',1,1652460295673468000
1881,Key.space,0,1652460295754698000
1882,'u',1,1652460295762544000
1883,Key.space,1,1652460295838831000
1884,'h',0,1652460295946205000
1885,'h',1,1652460296018160000
1886,'a',0,1652460296021744000
1887,'v',0,1652460296121929000
1888,'a',1,1652460296137600000
1889,'e',0,1652460296234264000
1890,'v',1,1652460296265678000
1891,'e',1,1652460296350740000
1892,'n',0,1652460296360430000
1893,'n',1,1652460296454930000
1894,'t',0,1652460296514875000
1895,Key.space,0,1652460296562183000
1896,'t',1,1652460296618429000
1897,Key.space,1,1652460296690912000
1898,'s',0,1652460297202958000
1899,'s',1,1652460297270548000
1900,'e',0,1652460297356940000
1901,'e',1,1652460297416730000
1902,'e',0,1652460297479649000
1903,'e',1,1652460297572217000
1904,'n',0,1652460297602978000
1905,'n',1,1652460297682932000
1906,Key.space,0,1652460297687044000
1907,Key.space,1,1652460297795116000
1908,'t',0,1652460297833844000
1909,'t',1,1652460297945848000
1910,'h',0,1652460297962169000
1911,'h',1,1652460298045267000
1912,'i',0,1652460298059486000
1913,'i',1,1652460298149321000
1914,'s',0,1652460298183715000
1915,Key.space,0,1652460298260290000
1916,'s',1,1652460298263891000
1917,Key.space,1,1652460298364635000
1918,'m',0,1652460298835965000
1919,'o',0,1652460298890677000
1920,'m',1,1652460298906637000
1921,'o',1,1652460298977627000
1922,'v',0,1652460299055618000
1923,'v',1,1652460299143326000
1924,'i',0,1652460299228221000
1925,'i',1,1652460299301079000
1926,'e',0,1652460299348896000
1927,'e',1,1652460299428913000
1928,Key.space,0,1652460299498959000
1929,Key.space,1,1652460299577465000
1930,'y',0,1652460300301889000
1931,'o',0,1652460300381211000
1932,'y',1,1652460300400414000
1933,'u',0,1652460300469573000
1934,'o',1,1652460300480614000
1935,'u',1,1652460300554236000
1936,'r',0,1652460300831173000
1937,'r',1,1652460300935589000
1938,Key.space,0,1652460300943678000
1939,Key.space,1,1652460301031965000
1940,Key.backspace,0,1652460301344634000
1941,Key.backspace,1,1652460301416477000
1942,'e',0,1652460301493912000
1943,'e',1,1652460301561888000
1944,Key.space,0,1652460301626780000
1945,Key.space,1,1652460301723918000
1946,'e',0,1652460303943785000
1947,'e',1,1652460304010894000
1948,'i',0,1652460304021145000
1949,'i',1,1652460304110992000
1950,'t',0,1652460304124230000
1951,'t',1,1652460304197193000
1952,'h',0,1652460304197658000
1953,'h',1,1652460304280419000
1954,'e',0,1652460304294361000
1955,'r',0,1652460304356465000
1956,'e',1,1652460304363701000
1957,Key.space,0,1652460304428355000
1958,'r',1,1652460304447358000
1959,Key.space,1,1652460304540804000
1960,'l',0,1652460304727790000
1961,'l',1,1652460304816676000
1962,'i',0,1652460304896530000
1963,'v',0,1652460304948360000
1964,'i',1,1652460304959868000
1965,'v',1,1652460305028505000
1966,'i',0,1652460305051527000
1967,'i',1,1652460305128082000
1968,'n',0,1652460305160807000
1969,'g',0,1652460305256936000
1970,'n',1,1652460305264523000
1971,Key.space,0,1652460305303300000
1972,'g',1,1652460305327323000
1973,Key.space,1,1652460305410580000
1974,'u',0,1652460305518633000
1975,'u',1,1652460305577450000
1976,'n',0,1652460305697686000
1977,'n',1,1652460305761635000
1978,'d',0,1652460305772808000
1979,'d',1,1652460305844026000
1980,'e',0,1652460305923452000
1981,'e',1,1652460306019360000
1982,'r',0,1652460306047566000
1983,'r',1,1652460306163228000
1984,Key.space,0,1652460306170851000
1985,Key.space,1,1652460306267778000
1986,'a',0,1652460306860534000
1987,'a',1,1652460306944510000
1988,Key.space,0,1652460306945278000
1989,Key.space,1,1652460307030961000
1990,'r',0,1652460307080392000
1991,'r',1,1652460307172391000
1992,'o',0,1652460307211689000
1993,'o',1,1652460307300601000
1994,'c',0,1652460307399782000
1995,'c',1,1652460307472805000
1996,'k',0,1652460307474260000
1997,'k',1,1652460307564409000
1998,Key.space,0,1652460307568854000
1999,Key.space,1,1652460307664705000
2000,'o',0,1652460308029322000
2001,'r',0,1652460308101397000
2002,'o',1,1652460308112479000
2003,'r',1,1652460308188795000
2004,Key.space,0,1652460308194408000
2005,Key.space,1,1652460308285342000
2006,'a',0,1652460308336997000
2007,'a',1,1652460308396178000
2008,Key.space,0,1652460308481550000
2009,Key.space,1,1652460308550014000
2010,'n',0,1652460308688519000
2011,'n',1,1652460308744907000
2012,'e',0,1652460308760710000
2013,'r',0,1652460308853887000
2014,'e',1,1652460308860523000
2015,'r',1,1652460308945768000
2016,'d',0,1652460309077253000
2017,'d',1,1652460309138264000
2018,'.',0,1652460309710887000
2019,'.',1,1652460309766015000
2020,Key.space,0,1652460309774229000
2021,Key.space,1,1652460309862377000
2022,'w',0,1652460342742564000
2023,'a',0,1652460342857326000
2024,'w',1,1652460342857858000
2025,'t',0,1652460342970380000
2026,'a',1,1652460342982196000
2027,'t',1,1652460343042955000
2028,'c',0,1652460343266568000
2029,'c',1,1652460343355200000
2030,'h',0,1652460343356143000
2031,'h',1,1652460343450623000
2032,Key.space,0,1652460343458842000
2033,Key.space,1,1652460343558596000
2034,'h',0,1652460343930562000
2035,'h',1,1652460344033556000
2036,'i',0,1652460344061836000
2037,'i',1,1652460344142092000
2038,Key.backspace,0,1652460344345739000
2039,Key.backspace,1,1652460344417023000
2040,Key.backspace,0,1652460344476748000
2041,Key.backspace,1,1652460344576859000
2042,'t',0,1652460344627367000
2043,'t',1,1652460344708272000
2044,'h',0,1652460344735125000
2045,'i',0,1652460344786617000
2046,'h',1,1652460344826853000
2047,'i',1,1652460344915877000
2048,Key.space,0,1652460344939233000
2049,'s',0,1652460344946986000
2050,'s',1,1652460345013716000
2051,Key.space,1,1652460345030567000
2052,'m',0,1652460345313323000
2053,'m',1,1652460345400794000
2054,Key.backspace,0,1652460345687458000
2055,Key.backspace,1,1652460345743659000
2056,Key.backspace,0,1652460345814314000
2057,Key.backspace,1,1652460345870129000
2058,Key.backspace,0,1652460346180739000
2059,Key.backspace,1,1652460346226713000
2060,Key.space,0,1652460346591990000
2061,Key.space,1,1652460346666223000
2062,'m',0,1652460346830464000
2063,'o',0,1652460346922159000
2064,'m',1,1652460346929412000
2065,'o',1,1652460347025391000
2066,'v',0,1652460347194384000
2067,'v',1,1652460347288732000
2068,'i',0,1652460347316541000
2069,'e',0,1652460347376643000
2070,'i',1,1652460347392131000
2071,'e',1,1652460347485420000
2072,Key.space,0,1652460347505498000
2073,Key.space,1,1652460347622112000
2074,Key.shift,0,1652460349724773000
2075,'R',0,1652460349908677000
2076,'R',1,1652460349979618000
2077,'I',0,1652460349982888000
2078,'I',1,1652460350079387000
2079,'G',0,1652460350119125000
2080,'G',1,1652460350199291000
2081,'H',0,1652460350218513000
2082,'H',1,1652460350303058000
2083,'T',0,1652460350375379000
2084,'T',1,1652460350459101000
2085,Key.space,0,1652460350515258000
2086,Key.space,1,1652460350626974000
2087,'N',0,1652460350759201000
2088,'O',0,1652460350851270000
2089,'N',1,1652460350870105000
2090,'O',1,1652460350959129000
2091,'W',0,1652460351171254000
2092,'W',1,1652460351267281000
2093,Key.shift,1,1652460351355930000
2094,Key.cmd,0,1652460383961391000
2095,Key.tab,0,1652460384036697000
2096,Key.tab,1,1652460384152873000
2097,Key.cmd,1,1652460384161369000
2098,Key.ctrl,0,1652460385981975000
2099,'c',0,1652460386113753000
