P,Key.cmd,1650640173223966000
P,Key.tab,1650640173375302000
R,Key.tab,1650640173574072000
P,Key.tab,1650640173818211000
R,Key.tab,1650640173942931000
P,Key.tab,1650640174263148000
R,Key.tab,1650640174363057000
P,Key.tab,1650640174526568000
R,Key.tab,1650640174638990000
P,Key.tab,1650640174731214000
R,Key.tab,1650640174847060000
P,Key.tab,1650640174968636000
R,Key.tab,1650640175018849000
R,Key.cmd,1650640175134941000
R,<0>,1650640175390774000
P,Key.cmd,1650640237074071000
P,Key.space,1650640237513420000
R,Key.space,1650640237598539000
P,Key.space,1650640237600742000
R,Key.space,1650640237601171000
R,Key.cmd,1650640237605442000
P,'d',1650640238757354000
R,'d',1650640238830528000
P,'a',1650640239057087000
R,'a',1650640239213251000
P,'t',1650640239414510000
P,'a',1650640239548541000
R,'t',1650640239569551000
R,'a',1650640239646877000
P,Key.backspace,1650640240198893000
R,Key.backspace,1650640240430592000
P,Key.backspace,1650640240517933000
R,Key.backspace,1650640240634993000
P,Key.backspace,1650640240735377000
R,Key.backspace,1650640240840109000
P,Key.backspace,1650640240936865000
R,Key.backspace,1650640241064896000
P,Key.space,1650640241265632000
R,Key.space,1650640241370181000
P,'d',1650640241891073000
R,'d',1650640241979160000
P,'a',1650640242179850000
R,'a',1650640242282683000
P,'t',1650640242379941000
P,'a',1650640242466607000
R,'t',1650640242506482000
R,'a',1650640242587502000
P,Key.enter,1650640243968416000
R,Key.enter,1650640244052515000
P,Key.cmd,1650640378530776000
P,Key.tab,1650640378782309000
R,Key.tab,1650640378846848000
P,Key.tab,1650640379146443000
R,Key.tab,1650640379282178000
R,Key.cmd,1650640379723157000
R,<0>,1650640379981209000
P,Key.cmd,1650640381585587000
P,Key.tab,1650640381964550000
R,Key.tab,1650640382013309000
P,Key.tab,1650640382293077000
R,Key.tab,1650640382478074000
P,Key.tab,1650640382728328000
R,Key.tab,1650640382848655000
P,Key.tab,1650640382912080000
R,Key.tab,1650640383041228000
P,Key.tab,1650640383116371000
R,Key.tab,1650640383189053000
R,Key.cmd,1650640383244745000
R,<0>,1650640383498988000
P,Key.cmd,1650640388146326000
P,Key.tab,1650640388306728000
R,Key.tab,1650640388499351000
P,Key.tab,1650640388877830000
R,Key.tab,1650640388990168000
P,Key.tab,1650640389193963000
R,Key.tab,1650640389297645000
P,Key.tab,1650640389389713000
R,Key.tab,1650640389529726000
P,Key.tab,1650640389713810000
R,Key.tab,1650640389856861000
R,Key.cmd,1650640389890539000
R,<0>,1650640390145696000
P,'f',1650640390962648000
R,'f',1650640391057515000
P,'a',1650640391095527000
R,'a',1650640391176359000
P,'c',1650640391179519000
R,'c',1650640391272742000
P,'e',1650640391317520000
R,'e',1650640391429947000
P,Key.tab,1650640392488589000
R,Key.tab,1650640392604446000
P,Key.enter,1650640394932882000
R,Key.enter,1650640395057145000
P,Key.cmd,1650640403581055000
P,Key.tab,1650640403784643000
R,Key.tab,1650640403971679000
P,Key.tab,1650640404108665000
R,Key.tab,1650640404256294000
R,Key.cmd,1650640404504887000
R,<0>,1650640404761835000
P,Key.cmd,1650640408862579000
P,Key.tab,1650640409342330000
R,Key.tab,1650640409446278000
P,Key.tab,1650640409577649000
R,Key.tab,1650640409718160000
P,Key.tab,1650640410174189000
R,Key.tab,1650640410278124000
P,Key.tab,1650640410362239000
R,Key.tab,1650640410490229000
P,Key.tab,1650640410585510000
R,Key.tab,1650640410716832000
R,Key.cmd,1650640410770448000
R,<0>,1650640411026939000
P,'f',1650640412612049000
R,'f',1650640412712247000
P,'p',1650640412755933000
R,'p',1650640412861325000
P,'d',1650640412983114000
R,'d',1650640413099590000
P,'1',1650640413590099000
R,'1',1650640413650590000
P,'s',1650640414450143000
R,'s',1650640414569901000
P,'o',1650640414577607000
R,'o',1650640414702416000
P,'c',1650640414777751000
R,'c',1650640414904336000
P,'i',1650640415619881000
R,'i',1650640415723968000
P,'a',1650640415769855000
R,'a',1650640415901964000
P,'l',1650640415935868000
R,'l',1650640416032215000
P,Key.shift,1650640416201016000
P,'@',1650640416409349000
R,'@',1650640416533080000
R,Key.shift,1650640416544930000
P,'g',1650640417231388000
R,'g',1650640417306092000
P,'m',1650640417366899000
P,'a',1650640417466974000
R,'m',1650640417474573000
R,'a',1650640417619340000
P,'i',1650640417622403000
R,'i',1650640417718986000
P,'l',1650640417849766000
R,'l',1650640417934330000
P,'.',1650640418181881000
R,'.',1650640418305929000
P,'c',1650640418320266000
R,'c',1650640418440535000
P,'o',1650640418452693000
R,'o',1650640418564487000
P,'m',1650640418654565000
R,'m',1650640418761688000
P,Key.tab,1650640419065767000
R,Key.tab,1650640419156646000
R,Key.tab,1650640419417808000
P,Key.cmd,1650640422678769000
R,Key.cmd,1650640423582655000
R,<0>,1650640423842069000
P,Key.cmd,1650640426456265000
P,Key.tab,1650640427876201000
R,Key.tab,1650640428023953000
R,Key.cmd,1650640428880561000
R,<0>,1650640429137047000
P,Key.shift,1650640429859573000
R,Key.shift,1650640430210720000
P,Key.shift,1650640432677948000
R,Key.shift,1650640433053276000
P,Key.shift,1650640449466794000
P,'T',1650640449655338000
R,'T',1650640449778069000
R,Key.shift,1650640449804028000
P,'h',1650640450131032000
R,'h',1650640450239614000
P,'e',1650640450243664000
R,'e',1650640450338798000
P,Key.space,1650640450366783000
R,Key.space,1650640450445995000
P,'s',1650640450937230000
R,'s',1650640451040049000
P,'t',1650640451177448000
R,'t',1650640451270619000
P,'o',1650640451277376000
R,'o',1650640451388447000
P,'i',1650640451522637000
P,'c',1650640451575530000
R,'i',1650640451626318000
R,'c',1650640451691301000
P,'i',1650640451721711000
R,'i',1650640451841085000
P,'s',1650640453056434000
P,'m',1650640453140568000
R,'s',1650640453151618000
R,'m',1650640453244715000
P,Key.space,1650640453331633000
R,Key.space,1650640453427665000
P,'s',1650640453856652000
P,'h',1650640453899292000
R,'s',1650640453968621000
R,'h',1650640453980031000
P,'i',1650640454124506000
P,'w',1650640454165065000
R,'i',1650640454215011000
R,'w',1650640454284807000
P,'n',1650640454357499000
R,'n',1650640454445459000
P,Key.space,1650640454526704000
R,Key.space,1650640454605943000
P,'i',1650640454711584000
R,'i',1650640454811481000
P,'n',1650640454907924000
R,'n',1650640454978719000
P,Key.space,1650640455073002000
R,Key.space,1650640455133558000
P,'t',1650640455164578000
R,'t',1650640455245377000
P,'h',1650640455248877000
P,'e',1650640455354199000
R,'h',1650640455356639000
R,'e',1650640455456421000
P,Key.space,1650640455457328000
R,Key.space,1650640455544321000
P,'c',1650640455567401000
R,'c',1650640455690630000
P,'i',1650640455855591000
R,'i',1650640455906537000
P,Key.backspace,1650640456535224000
R,Key.backspace,1650640456623539000
P,Key.backspace,1650640456813539000
P,Key.backspace,1650640457229056000
P,Key.backspace,1650640457330256000
P,Key.backspace,1650640457431910000
P,Key.backspace,1650640457532043000
R,Key.backspace,1650640457545087000
P,Key.backspace,1650640457667289000
R,Key.backspace,1650640457755537000
P,Key.backspace,1650640457843617000
R,Key.backspace,1650640457915038000
P,Key.backspace,1650640457978352000
R,Key.backspace,1650640458068594000
P,Key.backspace,1650640458121703000
R,Key.backspace,1650640458216835000
P,Key.backspace,1650640458284229000
R,Key.backspace,1650640458372494000
P,Key.backspace,1650640458445528000
R,Key.backspace,1650640458522581000
P,Key.backspace,1650640458595950000
R,Key.backspace,1650640458718947000
P,'o',1650640459088633000
R,'o',1650640459201712000
P,'w',1650640459270243000
P,'n',1650640459388858000
R,'w',1650640459392393000
R,'n',1650640459481060000
P,Key.space,1650640459574027000
R,Key.space,1650640459663275000
P,'i',1650640459794325000
R,'i',1650640459926750000
P,'n',1650640460010312000
R,'n',1650640460097735000
P,Key.space,1650640460177965000
R,Key.space,1650640460254913000
P,'h',1650640460373109000
P,'t',1650640460407778000
R,'t',1650640460485315000
R,'h',1650640460492728000
P,Key.backspace,1650640461168128000
R,Key.backspace,1650640461272631000
P,Key.backspace,1650640461332176000
R,Key.backspace,1650640461432320000
P,'t',1650640461455674000
R,'t',1650640461556091000
P,'h',1650640461563268000
R,'h',1650640461655460000
P,'e',1650640461665283000
R,'e',1650640461762261000
P,Key.space,1650640461805047000
R,Key.space,1650640461873184000
P,'c',1650640461943418000
P,'l',1650640462055653000
R,'c',1650640462071046000
R,'l',1650640462163228000
P,'i',1650640462285332000
R,'i',1650640462381682000
P,'p',1650640462511620000
R,'p',1650640462621857000
P,Key.space,1650640462760221000
R,Key.space,1650640462868703000
P,'s',1650640463241118000
P,'h',1650640463365369000
R,'s',1650640463376294000
R,'h',1650640463439140000
P,'o',1650640463566376000
R,'o',1650640463678501000
P,'w',1650640463815173000
R,'w',1650640463922597000
P,'s',1650640464171432000
R,'s',1650640464272642000
P,Key.space,1650640464462051000
R,Key.space,1650640464598155000
P,'a',1650640464956000000
R,'a',1650640465084095000
P,'n',1650640465335402000
R,'n',1650640465431436000
P,Key.space,1650640465854689000
R,Key.space,1650640465957476000
P,'a',1650640466310144000
R,'a',1650640466413059000
P,'l',1650640466533938000
R,'l',1650640466638282000
P,'m',1650640466761182000
R,'m',1650640466857253000
P,'o',1650640467009157000
P,'s',1650640467105230000
R,'o',1650640467139887000
R,'s',1650640467205336000
P,'t',1650640468215911000
R,'t',1650640468327968000
P,Key.backspace,1650640470223879000
P,Key.backspace,1650640470639470000
P,Key.backspace,1650640470741575000
P,Key.backspace,1650640470841389000
R,Key.backspace,1650640470886338000
P,Key.backspace,1650640471086824000
R,Key.backspace,1650640471178814000
P,Key.backspace,1650640471290884000
R,Key.backspace,1650640471438673000
P,'a',1650640471915667000
R,'a',1650640472041910000
P,'n',1650640472047411000
R,'n',1650640472147784000
P,Key.space,1650640472237954000
P,'a',1650640472301838000
R,Key.space,1650640472332528000
R,'a',1650640472398055000
P,'b',1650640472543727000
P,'i',1650640472631698000
R,'b',1650640472658726000
R,'i',1650640472748051000
P,'l',1650640472844706000
R,'l',1650640472944752000
P,'i',1650640473034468000
P,'t',1650640473118715000
R,'i',1650640473152484000
R,'t',1650640473203016000
P,'y',1650640473272746000
R,'y',1650640473393147000
P,Key.space,1650640473406761000
R,Key.space,1650640473522102000
P,'t',1650640473950811000
R,'t',1650640474050927000
P,'o',1650640474111078000
R,'o',1650640474258099000
P,Key.space,1650640474408572000
R,Key.space,1650640474524570000
P,'f',1650640474618443000
R,'f',1650640474703023000
P,'o',1650640474768541000
P,'r',1650640474832731000
R,'r',1650640474896245000
R,'o',1650640474908750000
P,'c',1650640475068018000
P,'e',1650640475175610000
R,'c',1650640475220005000
R,'e',1650640475332068000
P,Key.space,1650640475450813000
R,Key.space,1650640475540731000
P,'t',1650640475931571000
R,'t',1650640475963238000
P,'h',1650640476640619000
R,'h',1650640476756806000
P,'e',1650640476806565000
P,Key.space,1650640476910426000
R,'e',1650640476918173000
R,Key.space,1650640477022614000
P,'a',1650640477157575000
R,'a',1650640477314250000
P,'u',1650640477428675000
R,'u',1650640477516510000
P,'d',1650640477572560000
R,'d',1650640477674835000
P,'i',1650640478084363000
R,'i',1650640478208334000
P,'e',1650640478292387000
R,'e',1650640478396475000
P,'n',1650640478448288000
R,'n',1650640478570004000
P,'c',1650640478574196000
P,'e',1650640478669520000
R,'c',1650640478717679000
P,Key.space,1650640478769360000
R,'e',1650640478804885000
R,Key.space,1650640478877506000
P,'t',1650640479051428000
R,'t',1650640479144941000
P,'o',1650640479191470000
R,'o',1650640479308929000
P,Key.space,1650640479482335000
R,Key.space,1650640479590466000
P,'t',1650640479677496000
R,'t',1650640479769853000
P,'h',1650640479792486000
R,'h',1650640479903803000
P,'i',1650640480068377000
R,'i',1650640480196391000
P,'n',1650640480295517000
R,'n',1650640480387822000
P,'k',1650640480498457000
R,'k',1650640480599957000
P,Key.space,1650640480695232000
R,Key.space,1650640480795443000
P,'a',1650640480829339000
R,'a',1650640480917975000
P,'b',1650640481065746000
P,'o',1650640481165361000
R,'b',1650640481173025000
R,'o',1650640481269737000
P,'u',1650640481371543000
R,'u',1650640481466027000
P,'t',1650640481474108000
R,'t',1650640481575706000
P,Key.space,1650640482513313000
R,Key.space,1650640482621570000
P,'t',1650640482653445000
P,'h',1650640482745054000
R,'t',1650640482752949000
R,'h',1650640482869595000
P,'e',1650640482890987000
R,'e',1650640483031329000
P,Key.space,1650640483118884000
R,Key.space,1650640483195282000
P,'s',1650640483555319000
R,'s',1650640483663451000
P,'t',1650640483963400000
R,'t',1650640484011817000
P,Key.backspace,1650640484262141000
R,Key.backspace,1650640484358725000
P,'i',1650640484482429000
P,'t',1650640484586358000
R,'i',1650640484605335000
R,'t',1650640484698138000
P,'u',1650640484750616000
R,'u',1650640484859556000
P,'a',1650640484914106000
R,'a',1650640485038589000
P,'t',1650640485173534000
R,'t',1650640485244939000
P,'i',1650640485334220000
R,'i',1650640485466490000
P,'o',1650640485589254000
R,'o',1650640485705477000
P,'n',1650640485819900000
R,'n',1650640485919388000
P,Key.space,1650640485996225000
R,Key.space,1650640486081487000
P,'h',1650640486170891000
P,'a',1650640486230594000
R,'h',1650640486270343000
R,'a',1650640486362565000
P,'p',1650640486439260000
R,'p',1650640486531500000
P,'p',1650640486614211000
R,'p',1650640486702432000
P,'e',1650640486729995000
R,'e',1650640486870149000
P,'n',1650640486877913000
R,'n',1650640486960893000
P,'i',1650640487073262000
R,'i',1650640487169252000
P,'n',1650640487261870000
P,'g',1650640487338309000
R,'n',1650640487368973000
R,'g',1650640487444439000
P,Key.space,1650640487445837000
R,Key.space,1650640487513923000
P,'p',1650640487669230000
R,'p',1650640487794058000
P,'r',1650640487813920000
R,'r',1650640487946133000
P,'i',1650640488023051000
R,'i',1650640488119052000
P,'o',1650640488210719000
P,'r',1650640488322896000
R,'o',1650640488344860000
R,'r',1650640488454623000
P,'.',1650640488881463000
R,'.',1650640489028119000
P,Key.space,1650640489170158000
R,Key.space,1650640489281873000
P,Key.shift,1650640489286074000
P,'W',1650640489454081000
R,Key.shift,1650640489512463000
R,'w',1650640489562613000
P,'e',1650640489621500000
R,'e',1650640489775184000
P,Key.space,1650640489803349000
R,Key.space,1650640489895533000
P,'f',1650640490427239000
R,'f',1650640490537456000
P,'e',1650640490549174000
R,'e',1650640490670733000
P,'e',1650640490756170000
P,'l',1650640490887495000
R,'e',1650640490900119000
R,'l',1650640490972490000
P,Key.space,1650640491748637000
R,Key.space,1650640491871268000
P,'m',1650640492045147000
R,'m',1650640492145351000
P,'o',1650640492267857000
P,'r',1650640492377072000
R,'o',1650640492380404000
P,'e',1650640492496168000
R,'r',1650640492496861000
R,'e',1650640492649098000
P,Key.space,1650640492651963000
R,Key.space,1650640492764838000
P,'s',1650640492880098000
R,'s',1650640492994093000
P,'t',1650640493168863000
R,'t',1650640493208467000
P,'r',1650640493313535000
R,'r',1650640493456102000
P,'o',1650640493651925000
R,'o',1650640493780093000
P,'n',1650640493880066000
R,'n',1650640493988058000
P,'g',1650640494005384000
R,'g',1650640494134224000
P,'l',1650640494165040000
R,'l',1650640494312849000
P,'y',1650640494464877000
R,'y',1650640494561731000
P,Key.space,1650640494636138000
R,Key.space,1650640494745089000
P,'f',1650640494847754000
P,'o',1650640494942745000
R,'f',1650640494949923000
R,'o',1650640495055308000
P,'r',1650640495070866000
P,Key.space,1650640495166967000
R,'r',1650640495178115000
R,Key.space,1650640495243130000
P,'t',1650640495292827000
P,'h',1650640495372390000
R,'t',1650640495373342000
R,'h',1650640495456137000
P,'e',1650640495539784000
R,'e',1650640495651866000
P,Key.space,1650640495655953000
R,Key.space,1650640495760059000
P,'c',1650640496441945000
R,'c',1650640496565825000
P,'o',1650640496566879000
R,'o',1650640496692882000
P,'a',1650640496716601000
R,'a',1650640496857119000
P,'c',1650640496899187000
P,'h',1650640496979581000
R,'c',1650640497018625000
R,'h',1650640497084227000
P,Key.space,1650640497179393000
R,Key.space,1650640497284175000
P,'t',1650640497398379000
R,'t',1650640497417112000
P,'h',1650640497470298000
R,'h',1650640497591955000
P,Key.backspace,1650640497977750000
R,Key.backspace,1650640498070058000
P,Key.backspace,1650640498168203000
R,Key.backspace,1650640498248964000
P,'t',1650640498411757000
R,'t',1650640498520264000
P,'h',1650640498553830000
R,'h',1650640498689540000
P,'a',1650640498697159000
P,'n',1650640498841812000
R,'a',1650640498872475000
R,'n',1650640498926391000
P,Key.space,1650640499013440000
R,Key.space,1650640499130281000
P,'t',1650640499398906000
P,'h',1650640499414586000
R,'t',1650640499430654000
R,'h',1650640499511792000
P,'o',1650640499642790000
R,'o',1650640499759998000
P,'s',1650640500198280000
R,'s',1650640500271036000
P,'e',1650640500638453000
R,'e',1650640500771523000
P,Key.space,1650640500804333000
R,Key.space,1650640500924218000
P,'w',1650640500990676000
P,'h',1650640501102825000
R,'w',1650640501133351000
R,'h',1650640501185957000
P,'o',1650640501300822000
R,'o',1650640501421301000
P,Key.space,1650640501597514000
R,Key.space,1650640501681911000
P,'a',1650640501770832000
R,'a',1650640501885842000
P,'r',1650640502032563000
P,'e',1650640502168506000
R,'r',1650640502203426000
P,Key.space,1650640502231976000
R,'e',1650640502285226000
R,Key.space,1650640502352713000
P,'l',1650640502586621000
R,'l',1650640502690999000
P,'o',1650640502838892000
R,'o',1650640502927854000
P,'o',1650640503006855000
R,'o',1650640503102741000
P,'k',1650640503166754000
R,'k',1650640503270959000
P,'i',1650640503354602000
R,'i',1650640503454767000
P,'n',1650640503540600000
P,'g',1650640503652600000
R,'n',1650640503660143000
P,Key.space,1650640503740635000
R,'g',1650640503783069000
R,Key.space,1650640503872917000
P,'o',1650640504553505000
R,'o',1650640504674038000
P,'u',1650640504772592000
R,'u',1650640504864615000
P,'t',1650640504876750000
P,Key.space,1650640504995766000
R,'t',1650640505007411000
R,Key.space,1650640505096375000
P,'f',1650640505260627000
P,'o',1650640505376604000
R,'f',1650640505387761000
R,'o',1650640505468323000
P,'r',1650640505488097000
P,Key.space,1650640505599106000
R,'r',1650640505606661000
R,Key.space,1650640505704084000
P,'h',1650640505792132000
P,'i',1650640505851193000
R,'h',1650640505906551000
R,'i',1650640505964095000
P,'m',1650640506210465000
R,'m',1650640506262365000
P,Key.backspace,1650640508874437000
R,Key.backspace,1650640508950666000
P,Key.backspace,1650640509077287000
R,Key.backspace,1650640509151486000
P,Key.backspace,1650640509429294000
R,Key.backspace,1650640509553500000
P,Key.cmd,1650640518646023000
P,Key.tab,1650640518865642000
R,Key.tab,1650640519055564000
R,Key.cmd,1650640519614234000
R,<0>,1650640519871131000
P,Key.ctrl,1650640523398772000
P,'c',1650640523650672000
P,Key.cmd,1650640848299110000
P,Key.tab,1650640848514378000
R,Key.tab,1650640848671212000
P,Key.tab,1650640849306238000
R,Key.tab,1650640849442141000
P,Key.tab,1650640849546180000
R,Key.tab,1650640849693995000
P,Key.tab,1650640849805674000
R,Key.tab,1650640849969660000
P,Key.tab,1650640850186493000
R,Key.tab,1650640850321240000
P,Key.tab,1650640850546157000
R,Key.tab,1650640850713991000
R,Key.cmd,1650640851010001000
R,<0>,1650640851267881000
P,Key.shift,1650640857738886000
P,'W',1650640858274894000
R,Key.shift,1650640858367016000
R,'w',1650640858414771000
P,'i',1650640858419009000
R,'i',1650640858523529000
P,'l',1650640858639981000
R,'l',1650640858719706000
P,'l',1650640858778544000
R,'l',1650640858875167000
P,Key.space,1650640858961617000
R,Key.space,1650640859069689000
P,'m',1650640859487942000
R,'m',1650640859544903000
P,Key.backspace,1650640859815720000
R,Key.backspace,1650640859960864000
P,Key.shift,1650640860254674000
P,'S',1650640860345975000
R,Key.shift,1650640860431435000
R,'s',1650640860497037000
P,'m',1650640860572076000
R,'m',1650640860606674000
P,'o',1650640860844807000
R,'o',1650640860972854000
P,'t',1650640861024586000
P,'h',1650640861128143000
R,'t',1650640861151532000
R,'h',1650640861225606000
P,Key.backspace,1650640861387806000
R,Key.backspace,1650640861501237000
P,Key.backspace,1650640861581935000
R,Key.backspace,1650640861671310000
P,Key.backspace,1650640861727591000
R,Key.backspace,1650640861823922000
P,'i',1650640861909151000
R,'i',1650640862017180000
P,'t',1650640862056619000
R,'t',1650640862189135000
P,'h',1650640862550165000
R,'h',1650640862659030000
P,Key.space,1650640862741225000
R,Key.space,1650640862858777000
P,'d',1650640863193616000
R,'d',1650640863313713000
P,'e',1650640863343664000
R,'e',1650640863499235000
P,'f',1650640863840562000
R,'f',1650640863964748000
P,'i',1650640864038539000
R,'i',1650640864151031000
P,'n',1650640864243571000
P,'e',1650640864359957000
R,'n',1650640864363429000
R,'e',1650640864521816000
P,'t',1650640864809574000
P,'l',1650640864896386000
R,'t',1650640864940461000
R,'l',1650640865013669000
P,'y',1650640865049685000
R,'y',1650640865133589000
P,Key.space,1650640865134733000
R,Key.space,1650640865249766000
P,'c',1650640865538128000
P,'o',1650640865575849000
R,'c',1650640865654506000
R,'o',1650640865688636000
P,'u',1650640865762544000
R,'u',1650640865842701000
P,'l',1650640865951747000
P,'d',1650640866011983000
R,'l',1650640866067662000
R,'d',1650640866116241000
P,"""'""",1650640866683525000
P,'v',1650640866799706000
R,"""'""",1650640866807020000
P,'e',1650640866899863000
P,'w',1650640866905017000
R,'v',1650640866926536000
R,'w',1650640866990905000
P,Key.space,1650640867021448000
R,'e',1650640867023275000
R,Key.space,1650640867139619000
P,Key.backspace,1650640867427610000
R,Key.backspace,1650640867524424000
P,Key.backspace,1650640867620851000
R,Key.backspace,1650640867746628000
P,Key.space,1650640867867364000
R,Key.space,1650640867975480000
P,'h',1650640868320858000
P,'a',1650640868433618000
R,'h',1650640868437592000
R,'a',1650640868617971000
P,'d',1650640868909932000
R,'d',1650640869045133000
P,Key.backspace,1650640869226364000
R,Key.backspace,1650640869346920000
P,'n',1650640869471596000
P,'d',1650640869557003000
R,'n',1650640869561160000
R,'d',1650640869654900000
P,'l',1650640869684564000
R,'l',1650640869795828000
P,'e',1650640869815779000
R,'e',1650640869912959000
P,'d',1650640870000668000
P,Key.space,1650640870092298000
R,'d',1650640870111189000
R,Key.space,1650640870184995000
P,'t',1650640870263003000
P,'h',1650640870314966000
R,'t',1650640870322604000
R,'h',1650640870437830000
P,'e',1650640870446632000
R,'e',1650640870588145000
P,Key.space,1650640870623405000
R,Key.space,1650640870675201000
P,'s',1650640871030403000
P,'i',1650640871126238000
R,'s',1650640871171373000
R,'i',1650640871286708000
P,'t',1650640871358340000
R,'t',1650640871470723000
P,'u',1650640871516570000
R,'u',1650640871609628000
P,'a',1650640871726381000
R,'a',1650640871806563000
P,'t',1650640872495880000
P,'i',1650640872567093000
R,'t',1650640872623397000
R,'i',1650640872676625000
P,'o',1650640872743494000
R,'o',1650640872851544000
P,'n',1650640872933558000
R,'n',1650640873054467000
P,Key.space,1650640873126141000
R,Key.space,1650640873229682000
P,'b',1650640873298345000
P,'e',1650640873398419000
R,'b',1650640873413227000
R,'e',1650640873537547000
P,'t',1650640873551486000
R,'t',1650640873640682000
P,'t',1650640873727326000
R,'t',1650640873871397000
P,'e',1650640873896946000
P,'r',1650640873996523000
R,'e',1650640874077960000
R,'r',1650640874153539000
P,"','",1650640874770665000
R,"','",1650640874890488000
P,Key.space,1650640875041020000
R,Key.space,1650640875149481000
P,Key.shift,1650640875860280000
P,'I',1650640875928149000
R,Key.shift,1650640876040744000
R,'i',1650640876041614000
P,Key.space,1650640876125170000
R,Key.space,1650640876253475000
P,'t',1650640876333936000
P,'h',1650640876389593000
R,'t',1650640876454089000
R,'h',1650640876505389000
P,'i',1650640876601154000
R,'i',1650640876681413000
P,'n',1650640876779027000
R,'n',1650640876860285000
P,'k',1650640876959896000
R,'k',1650640877066461000
P,Key.space,1650640877151456000
R,Key.space,1650640877232552000
P,'h',1650640877341031000
P,'e',1650640877428158000
R,'h',1650640877443909000
R,'e',1650640877528103000
P,Key.space,1650640877540129000
R,Key.space,1650640877628843000
P,'w',1650640877657094000
R,'w',1650640877767445000
P,'a',1650640877839035000
P,'s',1650640878007219000
P,Key.space,1650640878070882000
R,'a',1650640878074184000
R,'s',1650640878151126000
R,Key.space,1650640878207370000
P,'a',1650640879589108000
R,'a',1650640879729144000
P,'c',1650640879773072000
R,'c',1650640879884977000
P,'t',1650640880028985000
P,'i',1650640880113001000
R,'t',1650640880139865000
R,'i',1650640880217956000
P,'n',1650640880304977000
P,'g',1650640880405098000
R,'n',1650640880423791000
P,Key.space,1650640880512788000
R,'g',1650640880520484000
R,Key.space,1650640880597183000
P,'o',1650640880725158000
R,'o',1650640880825438000
P,'u',1650640880917954000
R,'u',1650640881024762000
P,'t',1650640881033179000
R,'t',1650640881129774000
P,Key.space,1650640881209953000
R,Key.space,1650640881289434000
P,'o',1650640881698662000
R,'o',1650640881847022000
P,'f',1650640882556940000
P,Key.space,1650640882640699000
R,'f',1650640882676958000
R,Key.space,1650640882741130000
P,'p',1650640883032519000
R,'p',1650640883128066000
P,'u',1650640883929921000
R,'u',1650640884028414000
P,'r',1650640884042034000
R,'r',1650640884145755000
P,'e',1650640884385738000
R,'e',1650640884509486000
P,'l',1650640884516936000
R,'l',1650640884637882000
P,'y',1650640884720885000
R,'y',1650640884812755000
P,Key.space,1650640884952995000
R,Key.space,1650640885061110000
P,'a',1650640885423913000
R,'a',1650640885564530000
P,'n',1650640885854907000
R,'n',1650640885959069000
P,'g',1650640886082735000
R,'g',1650640886231055000
P,'e',1650640886312850000
P,'r',1650640886400651000
R,'e',1650640886464555000
R,'r',1650640886537076000
P,'.',1650640887165710000
R,'.',1650640887309922000
P,Key.enter,1650640887500776000
R,Key.enter,1650640887637960000
P,Key.enter,1650640887788133000
R,Key.enter,1650640887908581000
P,Key.shift,1650640888189619000
P,'H',1650640888332791000
R,Key.shift,1650640888416321000
R,'h',1650640888424722000
P,'o',1650640888537429000
R,'o',1650640888653749000
P,'w',1650640888673559000
R,'w',1650640888846744000
P,'e',1650640888941812000
R,'e',1650640888993999000
P,'v',1650640889547111000
R,'v',1650640889655072000
P,'e',1650640889872690000
P,'r',1650640890032433000
R,'e',1650640890043864000
R,'r',1650640890156942000
P,"','",1650640890219555000
R,"','",1650640890351830000
P,Key.space,1650640890536579000
R,Key.space,1650640890633222000
P,Key.shift,1650640890789704000
P,'I',1650640890961509000
R,Key.shift,1650640890972892000
R,'i',1650640891053858000
P,Key.space,1650640891153512000
R,Key.space,1650640891233424000
P,'d',1650640891298215000
R,'d',1650640891402818000
P,'o',1650640891948261000
R,'o',1650640892060804000
P,Key.space,1650640892155348000
R,Key.space,1650640892260325000
P,'u',1650640892378756000
R,'u',1650640892486428000
P,'n',1650640892574617000
P,'d',1650640892666823000
R,'n',1650640892701805000
P,'e',1650640892782295000
R,'d',1650640892789871000
P,'r',1650640892898521000
R,'e',1650640892934755000
R,'r',1650640893010847000
P,'s',1650640893103356000
R,'s',1650640893235959000
P,'t',1650640893326958000
R,'t',1650640893415627000
P,'n',1650640893447344000
P,'a',1650640893543303000
R,'n',1650640893586330000
R,'a',1650640893690247000
P,Key.space,1650640893693996000
R,Key.space,1650640893834822000
P,Key.backspace,1650640894130442000
R,Key.backspace,1650640894246417000
P,Key.backspace,1650640894335889000
R,Key.backspace,1650640894401346000
P,Key.backspace,1650640894493535000
R,Key.backspace,1650640894597417000
P,'n',1650640895473601000
P,'d',1650640895556892000
R,'n',1650640895569691000
P,Key.space,1650640895656480000
R,'d',1650640895684902000
R,Key.space,1650640895748205000
P,'h',1650640895852956000
R,'h',1650640895946456000
P,'i',1650640896053800000
R,'i',1650640896166625000
P,'m',1650640896286087000
R,'m',1650640896413736000
P,"','",1650640897102551000
R,"','",1650640897225967000
P,Key.space,1650640897387534000
R,Key.space,1650640897485372000
P,'b',1650640897686156000
R,'b',1650640897787384000
P,'e',1650640898319259000
R,'e',1650640898410638000
P,'c',1650640898561412000
P,'a',1650640898665537000
R,'c',1650640898691925000
P,'s',1650640898845368000
R,'a',1650640898904880000
R,'s',1650640898905634000
P,Key.backspace,1650640899319101000
R,Key.backspace,1650640899413293000
P,'u',1650640899562064000
R,'u',1650640899674183000
P,'s',1650640899678347000
R,'s',1650640899753038000
P,'e',1650640899836848000
P,Key.space,1650640899965575000
R,'e',1650640899977610000
R,Key.space,1650640900057421000
P,'t',1650640900107388000
P,'h',1650640900175238000
R,'t',1650640900179539000
P,'e',1650640900278256000
R,'h',1650640900292224000
R,'e',1650640900390121000
P,Key.space,1650640900394388000
R,Key.space,1650640900486082000
P,'j',1650640901003871000
R,'j',1650640901094561000
P,'o',1650640901260383000
R,'o',1650640901381409000
P,'k',1650640901465371000
R,'k',1650640901580975000
P,'e',1650640901653040000
R,'e',1650640901795971000
P,Key.space,1650640901803622000
R,Key.space,1650640901923901000
P,'w',1650640902039322000
R,'w',1650640902172328000
P,'a',1650640902228269000
P,'s',1650640902315725000
R,'a',1650640902486110000
P,Key.space,1650640902489325000
R,'s',1650640902515953000
R,Key.space,1650640902619305000
P,'k',1650640903856066000
R,'k',1650640903972262000
P,'i',1650640904066003000
R,'i',1650640904194144000
P,'n',1650640904311241000
R,'n',1650640904407304000
P,'d',1650640904422931000
P,Key.space,1650640904503456000
R,'d',1650640904554194000
R,Key.space,1650640904611263000
P,'o',1650640904774944000
R,'o',1650640904892783000
P,'f',1650640904977944000
R,'f',1650640905108184000
P,Key.space,1650640905121901000
R,Key.space,1650640905226255000
P,'d',1650640906240860000
P,'i',1650640906320885000
R,'d',1650640906372867000
R,'i',1650640906428897000
P,'s',1650640906433072000
R,'s',1650640906577456000
P,'t',1650640906792986000
R,'t',1650640906897212000
P,'a',1650640906995822000
P,'s',1650640907160299000
R,'a',1650640907235607000
R,'s',1650640907304802000
P,'t',1650640907439832000
R,'t',1650640907538747000
P,'e',1650640907592085000
R,'e',1650640907716266000
P,'f',1650640908255917000
P,'u',1650640908327994000
R,'f',1650640908375935000
R,'u',1650640908437417000
P,'k',1650640908612851000
R,'k',1650640908741299000
P,Key.backspace,1650640909041890000
R,Key.backspace,1650640909178344000
P,'l',1650640909337657000
R,'l',1650640909463026000
P,Key.space,1650640909580911000
R,Key.space,1650640909672780000
P,'t',1650640910806802000
R,'t',1650640910907239000
P,'o',1650640910963714000
R,'o',1650640911092018000
P,'w',1650640911247771000
R,'w',1650640911383857000
P,'a',1650640911886794000
R,'a',1650640912010985000
P,'r',1650640912122732000
R,'r',1650640912211802000
P,'d',1650640912408747000
P,'s',1650640912524826000
R,'d',1650640912584292000
R,'s',1650640912672908000
P,Key.space,1650640912711564000
R,Key.space,1650640912815945000
P,Key.shift,1650640913040685000
P,'J',1650640913200868000
R,Key.shift,1650640913284813000
R,'j',1650640913320840000
P,'a',1650640913405820000
R,'a',1650640913504939000
P,'d',1650640913552284000
P,'a',1650640913661603000
R,'d',1650640913696727000
R,'a',1650640913829840000
P,'.',1650640914893619000
R,'.',1650640915025992000
P,Key.space,1650640915273127000
R,Key.space,1650640915401821000
P,Key.shift,1650640916476796000
P,'J',1650640916700488000
R,Key.shift,1650640916792761000
R,'j',1650640916821098000
P,'a',1650640916923383000
P,'d',1650640916991208000
R,'a',1650640917010322000
R,'d',1650640917148567000
P,'a',1650640917195346000
R,'a',1650640917343641000
P,Key.space,1650640917699602000
R,Key.space,1650640917809428000
P,'d',1650640917944404000
R,'d',1650640918052494000
P,'e',1650640918177619000
R,'e',1650640918325740000
P,'f',1650640918359445000
P,'i',1650640918487751000
R,'f',1650640918491570000
R,'i',1650640918600465000
P,'n',1650640918687595000
R,'n',1650640918796536000
P,'e',1650640918918469000
R,'e',1650640919050626000
P,'t',1650640919212451000
R,'t',1650640919309224000
P,'l',1650640919429510000
R,'l',1650640919569551000
P,'y',1650640919691575000
R,'y',1650640919839425000
P,Key.space,1650640919949159000
R,Key.space,1650640920070830000
P,'d',1650640921049397000
P,'o',1650640921116078000
R,'d',1650640921171529000
R,'o',1650640921243665000
P,'e',1650640921273090000
R,'e',1650640921355600000
P,'s',1650640921440262000
P,'n',1650640921526490000
R,'s',1650640921578885000
R,'n',1650640921644420000
P,"""'""",1650640922277179000
R,"""'""",1650640922421551000
P,'t',1650640922481343000
R,'t',1650640922584971000
P,Key.space,1650640922596421000
R,Key.space,1650640922705973000
P,'h',1650640922820411000
P,'a',1650640922910623000
R,'h',1650640922938815000
P,'v',1650640923029453000
R,'a',1650640923031591000
R,'v',1650640923132284000
P,'e',1650640923154182000
P,Key.space,1650640923238209000
R,'e',1650640923285086000
R,Key.space,1650640923366510000
P,'t',1650640923426416000
P,'h',1650640923529611000
R,'t',1650640923535000000
P,'e',1650640923642699000
R,'h',1650640923644248000
P,Key.space,1650640923760339000
R,'e',1650640923764522000
R,Key.space,1650640923844359000
P,'m',1650640924000281000
R,'m',1650640924116136000
P,'o',1650640924222143000
P,'r',1650640924294169000
R,'o',1650640924362100000
P,'a',1650640924402274000
R,'r',1650640924417229000
P,'l',1650640924511693000
R,'a',1650640924545998000
R,'l',1650640924618294000
P,Key.space,1650640924726041000
R,Key.space,1650640924842550000
P,'h',1650640925242951000
R,'h',1650640925367949000
P,'i',1650640925468240000
P,'g',1650640925546510000
R,'i',1650640925586180000
R,'g',1650640925663388000
P,'h',1650640925671516000
R,'h',1650640925820422000
P,'g',1650640926446119000
R,'g',1650640926530130000
P,'r',1650640926671077000
R,'r',1650640926751456000
P,'o',1650640926769446000
R,'o',1650640926861506000
P,'u',1650640926948711000
R,'u',1650640927037334000
P,'n',1650640927180158000
P,'d',1650640927231568000
R,'n',1650640927269828000
R,'d',1650640927299360000
P,Key.space,1650640927431534000
R,Key.space,1650640927547585000
P,'i',1650640927715734000
R,'i',1650640927826116000
P,'n',1650640927918171000
R,'n',1650640928022242000
P,Key.space,1650640928103240000
R,Key.space,1650640928197352000
P,'a',1650640928310814000
P,'n',1650640928426834000
R,'a',1650640928459848000
R,'n',1650640928542717000
P,'y',1650640928629770000
P,Key.space,1650640928738146000
R,'y',1650640928742678000
R,Key.space,1650640928845751000
P,'s',1650640929009202000
R,'s',1650640929121736000
P,'i',1650640929269034000
P,'t',1650640929417095000
R,'i',1650640929421031000
R,'t',1650640929533036000
P,'u',1650640929569535000
P,'a',1650640929696825000
R,'u',1650640929700534000
R,'a',1650640929817006000
P,'t',1650640929931167000
P,'i',1650640930011143000
R,'t',1650640930025898000
R,'i',1650640930142520000
P,'o',1650640930215194000
R,'o',1650640930320878000
P,'n',1650640930402604000
P,'s',1650640930510472000
R,'n',1650640930523018000
P,Key.space,1650640930631250000
R,'s',1650640930638098000
R,Key.space,1650640930723296000
P,Key.backspace,1650640930957811000
R,Key.backspace,1650640931069779000
P,"','",1650640931238121000
R,"','",1650640931307533000
P,Key.space,1650640931408910000
R,Key.space,1650640931529009000
P,'t',1650640931549173000
P,'h',1650640931620021000
R,'t',1650640931684932000
P,'o',1650640931700051000
R,'h',1650640931756818000
R,'o',1650640931825020000
P,'u',1650640931910809000
P,'g',1650640931946822000
R,'u',1650640931999248000
P,'h',1650640932058753000
R,'g',1650640932117637000
R,'h',1650640932206923000
P,'.',1650640932214702000
R,'.',1650640932346060000
P,Key.cmd,1650640940213726000
P,Key.tab,1650640940357604000
R,Key.tab,1650640940527014000
R,Key.cmd,1650640941106036000
R,<0>,1650640941361599000
P,Key.cmd,1650640942766500000
R,Key.cmd,1650640943110798000
P,Key.ctrl,1650640944014782000
P,Key.alt,1650640944024188000
R,Key.alt,1650640944040359000
P,'c',1650640944314484000
P,Key.cmd,1650641215382829000
P,Key.tab,1650641215544438000
R,Key.tab,1650641215690128000
R,Key.cmd,1650641215861163000
R,<0>,1650641216118149000
P,Key.shift,1650641219848351000
P,'B',1650641220142249000
R,Key.shift,1650641220208192000
R,'b',1650641220216238000
P,'i',1650641220354096000
R,'i',1650641220438551000
P,'d',1650641220498493000
R,'d',1650641220606312000
P,'e',1650641220692465000
R,'e',1650641220800580000
P,'n',1650641220828187000
R,'n',1650641220944322000
P,Key.space,1650641221037740000
R,Key.space,1650641221117818000
P,'m',1650641221724021000
P,'a',1650641221782826000
R,'m',1650641221844392000
R,'a',1650641221935281000
P,'d',1650641221960999000
R,'d',1650641222089124000
P,'e',1650641222165799000
R,'e',1650641222278090000
P,Key.space,1650641222311599000
R,Key.space,1650641222414160000
P,'s',1650641222560957000
R,'s',1650641222689321000
P,'c',1650641222797113000
R,'c',1650641222917981000
P,'a',1650641223217114000
R,'a',1650641223343321000
P,'l',1650641223418795000
R,'l',1650641223515092000
P,'t',1650641223610132000
R,'t',1650641223720122000
P,Key.backspace,1650641224070030000
R,Key.backspace,1650641224206074000
P,Key.backspace,1650641224316956000
R,Key.backspace,1650641224457350000
P,'t',1650641224801707000
P,'h',1650641224869646000
R,'t',1650641224913166000
R,'h',1650641224933103000
P,'i',1650641225028535000
R,'i',1650641225120249000
P,'n',1650641225214826000
P,'g',1650641225222686000
R,'n',1650641225302065000
R,'g',1650641225334968000
P,Key.space,1650641225380639000
R,Key.space,1650641225480833000
P,'r',1650641225924132000
P,'e',1650641226043990000
R,'r',1650641226099147000
P,'m',1650641226160778000
R,'e',1650641226175509000
R,'m',1650641226266676000
P,'a',1650641226410262000
R,'a',1650641226516812000
P,'r',1650641226581318000
R,'r',1650641226685960000
P,'k',1650641226712464000
P,'a',1650641226812507000
R,'k',1650641226831500000
R,'a',1650641226945687000
P,Key.backspace,1650641227238927000
P,'s',1650641227339701000
R,Key.backspace,1650641227355515000
R,'s',1650641227447139000
P,Key.space,1650641227529432000
R,Key.space,1650641227618946000
P,'a',1650641227648749000
R,'a',1650641227772928000
P,'b',1650641227776559000
R,'b',1650641227844901000
P,'o',1650641227966683000
R,'o',1650641228067551000
P,'u',1650641228140020000
P,'t',1650641228198930000
R,'u',1650641228243656000
R,'t',1650641228300225000
P,Key.space,1650641228346423000
R,Key.space,1650641228431175000
P,Key.shift,1650641228605813000
P,'P',1650641228770034000
R,'P',1650641228878973000
R,Key.shift,1650641228888818000
P,'u',1650641228989502000
R,'u',1650641229079833000
P,'t',1650641229083396000
R,'t',1650641229203170000
P,'i',1650641229246414000
R,'i',1650641229289768000
P,'n',1650641229497768000
R,'n',1650641229594231000
P,'g',1650641229660358000
R,'g',1650641229792050000
P,Key.backspace,1650641230025229000
R,Key.backspace,1650641230168890000
P,"','",1650641230726500000
R,"','",1650641230838753000
P,Key.space,1650641231047674000
R,Key.space,1650641231139204000
P,Key.shift,1650641231419855000
R,Key.shift,1650641231559982000
P,'a',1650641232101369000
P,'n',1650641232219797000
R,'a',1650641232231117000
R,'n',1650641232283584000
P,'d',1650641232335675000
P,Key.space,1650641232402113000
R,'d',1650641232444815000
R,Key.space,1650641232510921000
P,'i',1650641233375472000
R,'i',1650641233481178000
P,'t',1650641233506924000
R,'t',1650641233603682000
P,Key.space,1650641233689573000
R,Key.space,1650641233785630000
P,'m',1650641233908693000
R,'m',1650641234044065000
P,'a',1650641234047588000
R,'a',1650641234220620000
P,'k',1650641234379532000
P,'e',1650641234487582000
R,'k',1650641234518214000
R,'e',1650641234545711000
P,'s',1650641234693794000
R,'s',1650641234829231000
P,Key.space,1650641234841508000
R,Key.space,1650641234957622000
P,'m',1650641235125336000
P,'e',1650641235217418000
R,'m',1650641235248301000
R,'e',1650641235289577000
P,Key.space,1650641235350493000
R,Key.space,1650641235462603000
P,'a',1650641235474444000
R,'a',1650641235590241000
P,Key.space,1650641235838157000
R,Key.space,1650641235971332000
P,'b',1650641236311039000
R,'b',1650641236394713000
P,'i',1650641236546948000
P,'t',1650641236651131000
R,'i',1650641236661786000
R,'t',1650641236758878000
P,Key.space,1650641236790490000
R,Key.space,1650641236898149000
P,'f',1650641237081589000
R,'f',1650641237205404000
P,Key.backspace,1650641237557377000
P,'w',1650641237600459000
R,'w',1650641237709262000
R,Key.backspace,1650641237713707000
P,'i',1650641238081345000
R,'i',1650641238217282000
P,'r',1650641238229669000
R,'r',1650641238317478000
P,'r',1650641238384287000
R,'r',1650641238488363000
P,Key.backspace,1650641238658576000
R,Key.backspace,1650641238754559000
P,Key.backspace,1650641238844389000
R,Key.backspace,1650641238951239000
P,Key.backspace,1650641239016413000
P,'o',1650641239164123000
R,Key.backspace,1650641239168050000
R,'o',1650641239304332000
P,'r',1650641239306056000
R,'r',1650641239420421000
P,'r',1650641239668224000
R,'r',1650641239764776000
P,'i',1650641239822255000
P,'e',1650641239914158000
R,'i',1650641239945073000
R,'e',1650641239994948000
P,'d',1650641240202224000
P,Key.space,1650641240302082000
R,'d',1650641240310237000
R,Key.space,1650641240410786000
P,'m',1650641241124366000
R,'m',1650641241256144000
P,'y',1650641241276284000
P,Key.space,1650641241372181000
R,'y',1650641241391274000
R,Key.space,1650641241475284000
P,'o',1650641242457326000
R,'o',1650641242564231000
P,'w',1650641242578289000
P,'n',1650641242694389000
R,'w',1650641242713282000
R,'n',1650641242797922000
P,Key.space,1650641242914202000
R,Key.space,1650641242966179000
P,Key.backspace,1650641243920050000
P,Key.backspace,1650641244337560000
P,Key.backspace,1650641244438516000
P,Key.backspace,1650641244540727000
R,Key.backspace,1650641244574105000
P,Key.backspace,1650641244698755000
R,Key.backspace,1650641244823228000
P,Key.backspace,1650641244910305000
R,Key.backspace,1650641245002426000
P,Key.backspace,1650641245077971000
R,Key.backspace,1650641245193466000
P,'f',1650641245531075000
P,'o',1650641245615230000
R,'f',1650641245641756000
R,'o',1650641245723149000
P,'r',1650641245734683000
R,'r',1650641245847263000
P,Key.space,1650641245885416000
R,Key.space,1650641245926230000
P,'m',1650641246023879000
P,'y',1650641246095901000
R,'m',1650641246138624000
R,'y',1650641246188100000
P,Key.space,1650641246263119000
R,Key.space,1650641246347184000
P,'o',1650641246486101000
R,'o',1650641246586235000
P,'w',1650641246628905000
P,'n',1650641246704814000
R,'w',1650641246764938000
R,'n',1650641246825401000
P,Key.space,1650641246912485000
R,Key.space,1650641247011614000
P,'w',1650641247360484000
P,'e',1650641247428134000
R,'w',1650641247459626000
R,'e',1650641247553220000
P,'l',1650641247666947000
R,'l',1650641247714802000
P,'b',1650641247918073000
R,'b',1650641247964767000
P,'l',1650641247972869000
R,'l',1650641248109695000
P,Key.backspace,1650641248370251000
R,Key.backspace,1650641248454110000
P,Key.backspace,1650641248535818000
R,Key.backspace,1650641248695915000
P,'l',1650641248820067000
P,'b',1650641248976089000
R,'l',1650641248977013000
R,'b',1650641249051315000
P,'e',1650641249954654000
P,'i',1650641250039602000
R,'e',1650641250062875000
R,'i',1650641250136116000
P,'n',1650641250228356000
P,'g',1650641250281182000
R,'n',1650641250340706000
R,'g',1650641250393251000
P,'m',1650641250491690000
R,'m',1650641250607767000
P,Key.space,1650641250802596000
R,Key.space,1650641250876750000
P,Key.backspace,1650641251084197000
R,Key.backspace,1650641251177090000
P,Key.backspace,1650641251252291000
R,Key.backspace,1650641251373031000
P,"','",1650641251553254000
R,"','",1650641251681065000
P,Key.backspace,1650641251992258000
R,Key.backspace,1650641252132486000
P,"','",1650641252456859000
R,"','",1650641252586640000
P,Key.space,1650641252705810000
R,Key.space,1650641252782400000
P,'b',1650641253509263000
R,'b',1650641253597850000
P,'u',1650641253715914000
R,'u',1650641253807519000
P,'t',1650641253819779000
P,Key.space,1650641253916004000
R,'t',1650641253935239000
R,Key.space,1650641254002689000
P,'o',1650641254135231000
R,'o',1650641254235718000
P,'n',1650641254327409000
R,'n',1650641254420133000
P,Key.space,1650641254503228000
P,'a',1650641254558663000
R,Key.space,1650641254601183000
P,Key.space,1650641254671594000
R,'a',1650641254686809000
R,Key.space,1650641254788407000
P,'g',1650641255085535000
R,'g',1650641255198129000
P,'l',1650641255306600000
R,'l',1650641255385077000
P,'o',1650641255485436000
P,'b',1650641255491038000
R,'o',1650641255569979000
R,'b',1650641255663160000
P,'a',1650641255843863000
R,'a',1650641255970993000
P,'l',1650641255978878000
R,'l',1650641256123831000
P,Key.space,1650641256336426000
R,Key.space,1650641256452825000
P,'s',1650641256558856000
R,'s',1650641256722813000
P,'c',1650641256735877000
R,'c',1650641256838166000
P,'a',1650641256864444000
R,'a',1650641256993191000
P,'l',1650641257006627000
P,'e',1650641257126852000
R,'l',1650641257134890000
P,Key.space,1650641257246402000
R,'e',1650641257252049000
R,Key.space,1650641257330702000
P,'i',1650641257494793000
R,'i',1650641257611476000
P,'t',1650641257612856000
R,'t',1650641257695707000
P,Key.space,1650641257736423000
R,Key.space,1650641257837042000
P,'i',1650641258004696000
R,'i',1650641258089013000
P,'s',1650641258195567000
P,Key.space,1650641258291409000
R,'s',1650641258306534000
R,Key.space,1650641258394120000
P,'c',1650641258502325000
P,'o',1650641258581766000
R,'c',1650641258624214000
R,'o',1650641258693921000
P,'m',1650641258809564000
R,'m',1650641258895651000
P,'p',1650641259012510000
R,'p',1650641259104796000
P,'l',1650641259204576000
P,'e',1650641259280230000
R,'l',1650641259323645000
R,'e',1650641259380670000
P,'t',1650641259435530000
R,'t',1650641259554955000
P,'e',1650641259605470000
P,'l',1650641259735222000
R,'e',1650641259744627000
R,'l',1650641259861270000
P,'y',1650641259864789000
R,'y',1650641260005001000
P,Key.space,1650641260028251000
R,Key.space,1650641260144781000
P,'n',1650641261390328000
R,'n',1650641261505320000
P,'e',1650641261513610000
R,'e',1650641261610675000
P,'c',1650641261726463000
R,'c',1650641261871128000
P,'e',1650641261899776000
R,'e',1650641262052631000
P,'s',1650641262146835000
R,'s',1650641262274573000
P,'s',1650641262333422000
P,'a',1650641262504573000
R,'s',1650641262532165000
R,'a',1650641262653520000
P,'r',1650641262820687000
R,'r',1650641262944753000
P,'y',1650641263072176000
R,'y',1650641263136535000
P,'.',1650641264051237000
R,'.',1650641264122950000
P,Key.space,1650641264677380000
R,Key.space,1650641264737075000
P,Key.shift,1650641264957820000
P,'H',1650641265169072000
R,'H',1650641265304291000
R,Key.shift,1650641265307988000
P,'e',1650641265393140000
P,Key.space,1650641265520931000
R,'e',1650641265528232000
R,Key.space,1650641265611036000
P,'i',1650641265797234000
R,'i',1650641265925472000
P,'s',1650641265970178000
P,Key.space,1650641266062210000
R,'s',1650641266093880000
R,Key.space,1650641266145863000
P,'p',1650641266301923000
P,'r',1650641266394278000
R,'p',1650641266409436000
R,'r',1650641266519557000
P,'o',1650641266529344000
R,'o',1650641266642293000
P,'t',1650641266654289000
R,'t',1650641266738134000
P,'e',1650641266910222000
R,'e',1650641267002649000
P,'c',1650641267262055000
R,'c',1650641267370296000
P,'t',1650641267547242000
R,'t',1650641267635620000
P,'i',1650641267769303000
R,'i',1650641267902172000
P,'n',1650641268069966000
R,'n',1650641268158380000
P,Key.space,1650641268274126000
R,Key.space,1650641268377496000
P,'g',1650641268422625000
R,'g',1650641268535765000
P,Key.backspace,1650641268636132000
R,Key.backspace,1650641268725489000
P,'t',1650641269181197000
P,'h',1650641269257185000
R,'t',1650641269258308000
R,'h',1650641269357064000
P,'e',1650641269382618000
P,Key.space,1650641269478108000
R,'e',1650641269497787000
R,Key.space,1650641269575214000
P,'w',1650641269666010000
P,'o',1650641269757277000
R,'w',1650641269788957000
R,'o',1650641269874451000
P,'r',1650641269894096000
R,'r',1650641269994145000
P,'l',1650641270307204000
R,'l',1650641270452263000
P,'d',1650641270510412000
R,'d',1650641270661120000
P,"','",1650641270665030000
R,"','",1650641270796659000
P,Key.space,1650641271326995000
R,Key.space,1650641271427618000
P,'n',1650641271552413000
R,'n',1650641271646088000
P,Key.backspace,1650641271977004000
R,Key.backspace,1650641272097112000
P,'m',1650641272234872000
R,'m',1650641272327323000
P,'o',1650641272444022000
P,'r',1650641272544187000
R,'o',1650641272574750000
P,'e',1650641272658768000
R,'r',1650641272684115000
P,Key.space,1650641272784818000
R,'e',1650641272791086000
R,Key.space,1650641272886079000
P,'t',1650641273252855000
R,'t',1650641273357424000
P,'h',1650641273385453000
P,'a',1650641273505903000
R,'h',1650641273509827000
P,'n',1650641273619197000
R,'a',1650641273626662000
R,'n',1650641273727418000
P,Key.space,1650641273802924000
R,Key.space,1650641273915173000
P,'h',1650641274019953000
P,'e',1650641274113841000
R,'h',1650641274143954000
R,'e',1650641274229022000
P,Key.space,1650641274259846000
R,Key.space,1650641274319547000
P,'s',1650641274553537000
R,'s',1650641274644340000
P,Key.backspace,1650641275035653000
R,Key.backspace,1650641275167696000
P,'i',1650641275277206000
R,'i',1650641275390372000
P,'s',1650641275409661000
R,'s',1650641275544654000
P,Key.space,1650641275937377000
R,Key.space,1650641276042102000
P,'p',1650641276253869000
P,'r',1650641276365958000
R,'p',1650641276380917000
R,'r',1650641276474049000
P,'o',1650641276497888000
P,'t',1650641276611064000
R,'o',1650641276662755000
R,'t',1650641276707060000
P,'e',1650641277359845000
R,'e',1650641277471647000
P,'c',1650641277628427000
R,'c',1650641277739671000
P,'t',1650641277878823000
P,'i',1650641277954268000
R,'t',1650641277957784000
R,'i',1650641278046024000
P,'n',1650641278126601000
P,'g',1650641278218314000
R,'n',1650641278237788000
P,Key.space,1650641278317973000
R,'g',1650641278341418000
R,Key.space,1650641278418367000
P,Key.shift,1650641278923919000
P,'A',1650641279075878000
R,Key.shift,1650641279166517000
P,'m',1650641279195338000
R,'a',1650641279205078000
R,'m',1650641279324066000
P,'e',1650641279348786000
P,'r',1650641279460785000
R,'e',1650641279504245000
R,'r',1650641279568549000
P,'i',1650641279588412000
R,'i',1650641279717426000
P,'c',1650641279741749000
P,'a',1650641279818234000
R,'c',1650641279885177000
P,'n',1650641279913090000
R,'a',1650641280001498000
R,'n',1650641280029131000
P,Key.backspace,1650641280478811000
R,Key.backspace,1650641280627047000
P,'.',1650641280787691000
R,'.',1650641280888278000
P,Key.cmd,1650641285453725000
P,Key.tab,1650641285652900000
R,Key.cmd,1650641285784880000
R,Key.tab,1650641285821194000
P,Key.ctrl,1650641287111239000
P,'c',1650641287372922000
P,Key.cmd,1650641477370107000
P,Key.tab,1650641477589161000
R,Key.tab,1650641477778304000
R,Key.cmd,1650641478474452000
R,<0>,1650641478729835000
P,Key.shift,1650641483052831000
P,'C',1650641483214032000
R,Key.shift,1650641483276810000
R,'c',1650641483346446000
P,'o',1650641483376900000
R,'o',1650641483461232000
P,'a',1650641483531300000
P,'c',1650641483647734000
R,'a',1650641483672002000
P,'h',1650641483744210000
R,'c',1650641483798641000
R,'h',1650641483847969000
P,Key.space,1650641483944925000
R,Key.space,1650641484048975000
P,'c',1650641484431838000
R,'c',1650641484570543000
P,Key.backspace,1650641484694096000
R,Key.backspace,1650641484850455000
P,Key.shift,1650641484864771000
P,'C',1650641484938073000
R,Key.shift,1650641485029062000
R,'c',1650641485093086000
P,'a',1650641485204465000
R,'a',1650641485314006000
P,'r',1650641485494961000
R,'r',1650641485615147000
P,'t',1650641485687712000
R,'t',1650641485791079000
P,'e',1650641485890709000
P,'r',1650641486006478000
R,'e',1650641486090652000
P,Key.space,1650641486134988000
R,'r',1650641486150244000
R,Key.space,1650641486259101000
P,'h',1650641486388718000
P,'a',1650641486476706000
R,'h',1650641486509106000
R,'a',1650641486628825000
P,'d',1650641486639802000
R,'d',1650641486683804000
P,Key.space,1650641487096805000
R,Key.space,1650641487213035000
P,'a',1650641487279130000
P,Key.space,1650641487321724000
R,'a',1650641487421683000
R,Key.space,1650641487451338000
P,'c',1650641487556792000
P,'e',1650641487713193000
R,'c',1650641487736436000
R,'e',1650641487856809000
P,'r',1650641487909272000
R,'r',1650641488019844000
P,'t',1650641488127636000
R,'t',1650641488227547000
P,'a',1650641488288535000
P,'i',1650641488375476000
R,'a',1650641488424224000
R,'i',1650641488504900000
P,'n',1650641488592868000
R,'n',1650641488697023000
P,Key.space,1650641488753124000
R,Key.space,1650641488873906000
P,'r',1650641488913777000
P,'e',1650641489061708000
R,'r',1650641489076945000
R,'e',1650641489191581000
P,'s',1650641489682792000
P,'p',1650641489798676000
R,'s',1650641489805868000
R,'p',1650641489922849000
P,'e',1650641489954549000
R,'e',1650641490041902000
P,'c',1650641490142707000
R,'c',1650641490267284000
P,'t',1650641490474729000
R,'t',1650641490588698000
P,Key.space,1650641490629657000
R,Key.space,1650641490697810000
P,'f',1650641490910469000
P,'o',1650641490963230000
R,'f',1650641491043774000
R,'o',1650641491104025000
P,'r',1650641491197295000
P,Key.space,1650641491300989000
R,'r',1650641491332321000
R,Key.space,1650641491420672000
P,'t',1650641491436773000
P,'h',1650641491534729000
R,'t',1650641491554887000
P,'e',1650641491621032000
R,'h',1650641491658325000
R,'e',1650641491739940000
P,Key.space,1650641491776389000
R,Key.space,1650641491872936000
P,'s',1650641491987559000
R,'s',1650641492110193000
P,'t',1650641492263615000
R,'t',1650641492384106000
P,'u',1650641492422600000
R,'u',1650641492530659000
P,'d',1650641492621457000
R,'d',1650641492737740000
P,'e',1650641492800528000
R,'e',1650641492917199000
P,'n',1650641492984918000
P,'t',1650641493038732000
R,'n',1650641493085962000
R,'t',1650641493100928000
P,'s',1650641493315960000
R,'s',1650641493459578000
P,Key.space,1650641493463706000
R,Key.space,1650641493591651000
P,'w',1650641493736935000
P,'h',1650641493844797000
R,'w',1650641493883684000
R,'h',1650641493941074000
P,'o',1650641494072564000
R,'o',1650641494160923000
P,Key.space,1650641494271257000
R,Key.space,1650641494363690000
P,'h',1650641494456535000
P,'a',1650641494553577000
R,'h',1650641494571266000
P,'d',1650641494696549000
R,'a',1650641494711760000
P,Key.space,1650641494788391000
R,'d',1650641494811676000
R,Key.space,1650641494884435000
P,'f',1650641494971437000
R,'f',1650641495067262000
P,'a',1650641495158930000
R,'a',1650641495249906000
P,'i',1650641495360663000
R,'i',1650641495486077000
P,'l',1650641495623732000
P,'e',1650641495756214000
R,'l',1650641495763533000
R,'e',1650641495840514000
P,'d',1650641495928613000
P,Key.space,1650641496035203000
R,'d',1650641496063326000
R,Key.space,1650641496152742000
P,'h',1650641496244851000
R,'h',1650641496338488000
P,'i',1650641496451783000
R,'i',1650641496579060000
P,'m',1650641496686474000
R,'m',1650641496782902000
P,Key.space,1650641496877428000
R,Key.space,1650641496940868000
P,'b',1650641497021247000
R,'b',1650641497117557000
P,'e',1650641497180517000
R,'e',1650641497340948000
P,'o',1650641497460390000
P,'f',1650641497556460000
R,'o',1650641497583861000
R,'f',1650641497672725000
P,'r',1650641497780248000
P,'e',1650641497959787000
R,'r',1650641498025567000
R,'e',1650641498116522000
P,Key.backspace,1650641498159328000
R,Key.backspace,1650641498286711000
P,Key.backspace,1650641498359296000
R,Key.backspace,1650641498464420000
P,Key.backspace,1650641498559117000
R,Key.backspace,1650641498634681000
P,Key.backspace,1650641498721738000
R,Key.backspace,1650641498842825000
P,'f',1650641498853735000
R,'f',1650641498986131000
P,'o',1650641499066218000
R,'o',1650641499186522000
P,'r',1650641499190643000
P,'e',1650641499350608000
R,'r',1650641499406901000
P,"','",1650641499493529000
P,'.',1650641499497349000
R,'e',1650641499524558000
R,"','",1650641499605137000
R,'.',1650641499609224000
P,Key.backspace,1650641499997383000
R,Key.backspace,1650641500100949000
P,Key.backspace,1650641500170531000
R,Key.backspace,1650641500243370000
P,'.',1650641500468481000
R,'.',1650641500592615000
P,Key.space,1650641500726319000
R,Key.space,1650641500826900000
P,Key.shift,1650641500896440000
P,'I',1650641501019249000
R,Key.shift,1650641501064293000
R,'i',1650641501120782000
P,Key.space,1650641501216195000
R,Key.space,1650641501320252000
P,'r',1650641501337496000
P,'e',1650641501438430000
R,'r',1650641501450533000
R,'e',1650641501570526000
P,'p',1650641501678791000
R,'p',1650641501788428000
P,Key.backspace,1650641502011460000
R,Key.backspace,1650641502167126000
P,'s',1650641502170781000
R,'s',1650641502275199000
P,'p',1650641502279207000
R,'p',1650641502419807000
P,'e',1650641502456595000
R,'e',1650641502556594000
P,'c',1650641502698165000
R,'c',1650641502854785000
P,'t',1650641503020328000
P,Key.space,1650641503112342000
R,'t',1650641503119539000
R,Key.space,1650641503220511000
P,'t',1650641503239507000
R,'t',1650641503339231000
P,'h',1650641503346724000
R,'h',1650641503451566000
P,'e',1650641503468366000
R,'e',1650641503602951000
P,Key.space,1650641503606682000
R,Key.space,1650641503723617000
P,'r',1650641508639354000
P,'e',1650641508754980000
R,'r',1650641508774330000
R,'e',1650641508895472000
P,'s',1650641508989529000
P,'o',1650641509080915000
R,'s',1650641509140747000
R,'o',1650641509225311000
P,'l',1650641509300984000
P,'v',1650641509398173000
R,'l',1650641509447502000
P,'e',1650641509516756000
R,'v',1650641509539937000
R,'e',1650641509677683000
P,Key.space,1650641509688855000
R,Key.space,1650641509797264000
P,'t',1650641509920719000
P,'h',1650641509995096000
R,'t',1650641510006331000
R,'h',1650641510115541000
P,'a',1650641510135151000
R,'a',1650641510243411000
P,'t',1650641510306144000
P,Key.space,1650641510405976000
R,'t',1650641510428701000
R,Key.space,1650641510494401000
P,'h',1650641510599728000
R,'h',1650641510713270000
P,'e',1650641510803846000
P,Key.space,1650641510907242000
R,'e',1650641510912282000
R,Key.space,1650641511015451000
P,'h',1650641511126289000
P,'a',1650641511213886000
R,'h',1650641511240780000
R,'a',1650641511322265000
P,'d',1650641511342696000
P,Key.space,1650641511427134000
R,'d',1650641511449633000
R,Key.space,1650641511523537000
P,'t',1650641511599825000
P,'o',1650641511673597000
R,'t',1650641511691109000
R,'o',1650641511792243000
P,Key.space,1650641511904019000
R,Key.space,1650641511984156000
P,'b',1650641512058969000
P,'e',1650641512140369000
R,'b',1650641512183056000
R,'e',1650641512260363000
P,Key.space,1650641512261268000
R,Key.space,1650641512372291000
P,'a',1650641512510957000
R,'a',1650641512635413000
P,'b',1650641512824211000
R,'b',1650641512908467000
P,'l',1650641513318184000
R,'l',1650641513430058000
P,'e',1650641513497134000
P,Key.space,1650641513593840000
R,'e',1650641513608802000
R,Key.space,1650641513750649000
P,'t',1650641513823064000
P,'o',1650641513881282000
R,'t',1650641513921972000
R,'o',1650641514014967000
P,Key.space,1650641514111213000
R,Key.space,1650641514219247000
P,'f',1650641514359619000
R,'f',1650641514472312000
P,'i',1650641514495851000
R,'i',1650641514614388000
P,Key.backspace,1650641514759773000
R,Key.backspace,1650641514892272000
P,'o',1650641515060022000
R,'o',1650641515222064000
P,'g',1650641515274904000
R,'g',1650641515351330000
P,Key.backspace,1650641515677886000
P,'r',1650641515770094000
R,Key.backspace,1650641515846267000
R,'r',1650641515862644000
P,'g',1650641515951490000
R,'g',1650641516076163000
P,'i',1650641516168231000
R,'i',1650641516316976000
P,'v',1650641516420725000
R,'v',1650641516544351000
P,'e',1650641516555757000
P,Key.space,1650641516723883000
R,'e',1650641516746720000
R,Key.space,1650641516851673000
P,'h',1650641516979997000
R,'h',1650641517072223000
P,'i',1650641517175289000
R,'i',1650641517278920000
P,Key.backspace,1650641517597722000
R,Key.backspace,1650641517714155000
P,Key.backspace,1650641517780865000
P,'t',1650641517917516000
R,Key.backspace,1650641517923889000
R,'t',1650641518029180000
P,'h',1650641518056270000
P,'e',1650641518161067000
R,'h',1650641518163910000
P,'m',1650641518314830000
R,'e',1650641518316206000
R,'m',1650641518420607000
P,Key.space,1650641518499689000
R,Key.space,1650641518606799000
P,'i',1650641518728118000
R,'i',1650641518831990000
P,'n',1650641518925973000
R,'n',1650641519050455000
P,'t',1650641519209856000
R,'t',1650641519306103000
P,Key.backspace,1650641519537346000
R,Key.backspace,1650641519674058000
P,Key.space,1650641520006446000
P,'t',1650641520095097000
R,Key.space,1650641520105755000
R,'t',1650641520210797000
P,'h',1650641520222618000
P,'a',1650641520326867000
R,'h',1650641520331003000
R,'a',1650641520459124000
P,'t',1650641520491923000
P,Key.space,1650641520595602000
R,'t',1650641520606923000
R,Key.space,1650641520700662000
P,'w',1650641520751216000
P,'a',1650641520870292000
R,'w',1650641520909301000
R,'a',1650641520974908000
P,'y',1650641521152733000
R,'y',1650641521288906000
P,"','",1650641521408565000
R,"','",1650641521576820000
P,'a',1650641521795917000
R,'a',1650641521875530000
P,Key.backspace,1650641522343828000
R,Key.backspace,1650641522472795000
P,Key.space,1650641522672689000
R,Key.space,1650641522711727000
P,Key.space,1650641522830578000
R,Key.space,1650641522891202000
P,Key.backspace,1650641523191963000
R,Key.backspace,1650641523319472000
P,'a',1650641523468631000
P,'n',1650641523552781000
R,'a',1650641523579363000
P,'d',1650641523644904000
R,'n',1650641523683225000
P,Key.space,1650641523768582000
R,'d',1650641523799337000
R,Key.space,1650641523873075000
P,'a',1650641524293394000
P,'s',1650641524462256000
R,'a',1650641524529546000
P,'p',1650641524597583000
R,'s',1650641524601900000
R,'p',1650641524710004000
P,'i',1650641524787175000
P,'r',1650641524872373000
R,'i',1650641524918351000
P,'e',1650641524992624000
R,'r',1650641525006582000
R,'e',1650641525123411000
P,Key.space,1650641525135180000
R,Key.space,1650641525247291000
P,'t',1650641525252033000
P,'o',1650641525387110000
R,'t',1650641525410294000
R,'o',1650641525491697000
P,Key.space,1650641525608824000
R,Key.space,1650641525705602000
P,'b',1650641525810575000
P,'e',1650641525909450000
R,'b',1650641525937258000
P,Key.space,1650641526022741000
R,'e',1650641526053124000
R,Key.space,1650641526111939000
P,'l',1650641526252501000
R,'l',1650641526357531000
P,'i',1650641526437491000
R,'i',1650641526541438000
P,'k',1650641526595797000
P,'e',1650641526687521000
R,'k',1650641526714244000
R,'e',1650641526791449000
P,Key.space,1650641526799468000
R,Key.space,1650641526899736000
P,'t',1650641526942949000
P,'h',1650641527006070000
R,'t',1650641527046660000
R,'h',1650641527122655000
P,'a',1650641527166308000
R,'a',1650641527326845000
P,'t',1650641527355327000
R,'t',1650641527475788000
P,'.',1650641527542421000
R,'.',1650641527619932000
P,Key.cmd,1650641531643427000
P,Key.tab,1650641531868137000
R,Key.tab,1650641532075223000
R,Key.cmd,1650641532569914000
R,<0>,1650641532826583000
P,Key.ctrl,1650641534458358000
P,'c',1650641534904464000
P,Key.cmd,1650641700180780000
P,Key.tab,1650641700349804000
R,Key.tab,1650641700552624000
R,Key.cmd,1650641701242514000
R,<0>,1650641701499955000
P,Key.shift,1650641706428718000
P,'W',1650641706660735000
R,Key.shift,1650641706764581000
R,'w',1650641706812660000
P,'i',1650641706846563000
R,'i',1650641706942824000
P,'l',1650641707191612000
R,'l',1650641707299926000
P,'l',1650641707368860000
R,'l',1650641707481038000
P,Key.space,1650641707603149000
R,Key.space,1650641707716320000
P,Key.shift,1650641707899531000
P,'S',1650641708032552000
R,Key.shift,1650641708103959000
P,'m',1650641708104493000
R,'s',1650641708167872000
R,'m',1650641708212813000
P,'i',1650641708329599000
R,'i',1650641708442304000
P,'t',1650641708444933000
P,'h',1650641708545069000
R,'t',1650641708576447000
R,'h',1650641708658814000
P,"""'""",1650641709545660000
P,'s',1650641709659292000
R,"""'""",1650641709682295000
R,'s',1650641709824846000
P,Key.space,1650641709841914000
R,Key.space,1650641709961855000
P,'a',1650641710110277000
R,'a',1650641710242578000
P,'n',1650641710266702000
R,'n',1650641710415488000
P,'g',1650641710453399000
R,'g',1650641710558443000
P,'e',1650641710662208000
P,'r',1650641710742270000
R,'e',1650641710817820000
P,Key.space,1650641710862294000
R,'r',1650641710913774000
R,Key.space,1650641710962421000
P,'i',1650641711130408000
P,'s',1650641711238686000
R,'i',1650641711257340000
R,'s',1650641711354403000
P,Key.space,1650641711358345000
R,Key.space,1650641711479904000
P,'j',1650641711814804000
R,'j',1650641711940741000
P,'u',1650641712025029000
P,'s',1650641712092316000
R,'u',1650641712158401000
R,'s',1650641712164841000
P,'t',1650641712299832000
P,'i',1650641712408159000
R,'t',1650641712428935000
P,'f',1650641712532093000
R,'i',1650641712532894000
P,'i',1650641712615810000
R,'f',1650641712640241000
P,'e',1650641712719867000
R,'i',1650641712747288000
R,'e',1650641712833464000
P,'d',1650641712916548000
P,Key.space,1650641713003282000
R,'d',1650641713047513000
R,Key.space,1650641713095740000
P,Key.backspace,1650641713346929000
R,Key.backspace,1650641713456865000
P,"','",1650641713607695000
R,"','",1650641713728488000
P,Key.space,1650641713803755000
R,Key.space,1650641713925129000
P,'b',1650641714000525000
R,'b',1650641714116849000
P,'u',1650641714210136000
P,'t',1650641714286332000
R,'u',1650641714313136000
R,'t',1650641714386592000
P,Key.space,1650641714403092000
R,Key.space,1650641714495415000
P,'h',1650641714584136000
P,'e',1650641714659919000
R,'h',1650641714695449000
R,'e',1650641714758797000
P,Key.space,1650641714782966000
R,Key.space,1650641714882612000
P,'c',1650641715086337000
P,'o',1650641715185295000
R,'c',1650641715234728000
R,'o',1650641715301344000
P,'u',1650641715374542000
R,'u',1650641715467500000
P,'l',1650641715584398000
P,'d',1650641715619982000
R,'l',1650641715704343000
R,'d',1650641715744515000
P,"""'""",1650641716279508000
R,"""'""",1650641716411264000
P,'v',1650641716415432000
P,'e',1650641716479165000
R,'v',1650641716530371000
R,'e',1650641716624035000
P,Key.space,1650641716679850000
R,Key.space,1650641716804565000
P,'h',1650641717187226000
P,'a',1650641717252462000
R,'h',1650641717303618000
R,'a',1650641717364844000
P,'n',1650641717393134000
P,'d',1650641717521771000
R,'n',1650641717522617000
R,'d',1650641717649433000
P,'l',1650641717764326000
R,'l',1650641717856960000
P,'e',1650641717894152000
R,'e',1650641718002773000
P,'d',1650641718084909000
P,Key.space,1650641718165060000
R,'d',1650641718195789000
R,Key.space,1650641718265243000
P,'t',1650641718390407000
R,'t',1650641718501940000
P,'h',1650641718509857000
P,'e',1650641718553428000
R,'h',1650641718614404000
R,'e',1650641718674457000
P,Key.space,1650641718715130000
R,Key.space,1650641718824965000
P,'s',1650641718895157000
P,'i',1650641719007716000
R,'s',1650641719031209000
R,'i',1650641719135957000
P,'t',1650641719219439000
R,'t',1650641719303208000
P,'u',1650641719357882000
P,'a',1650641719442529000
R,'u',1650641719465255000
R,'a',1650641719594211000
P,'t',1650641719625231000
R,'t',1650641719758034000
P,'u',1650641719769604000
R,'u',1650641719885802000
P,'i',1650641719977076000
R,'i',1650641720093224000
P,Key.backspace,1650641720474151000
R,Key.backspace,1650641720566173000
P,Key.backspace,1650641720638031000
R,Key.backspace,1650641720766249000
P,'i',1650641720823880000
R,'i',1650641720924270000
P,'o',1650641721002364000
R,'o',1650641721086177000
P,'n',1650641721199380000
R,'n',1650641721306053000
P,Key.space,1650641721477521000
R,Key.space,1650641721593385000
P,'b',1650641721693370000
R,'b',1650641721805120000
P,'e',1650641721849631000
P,'t',1650641721938197000
R,'e',1650641721993609000
R,'t',1650641722062372000
P,'t',1650641722144785000
R,'t',1650641722292631000
P,'e',1650641722331521000
P,'r',1650641722443649000
R,'e',1650641722528737000
R,'r',1650641722603604000
P,'.',1650641722741075000
R,'.',1650641722917572000
P,Key.space,1650641724011171000
R,Key.space,1650641724151043000
P,Key.shift,1650641725023038000
P,'H',1650641726870991000
R,'H',1650641726986746000
R,Key.shift,1650641727016731000
P,'e',1650641727074873000
R,'e',1650641727202887000
P,Key.space,1650641727227855000
R,Key.space,1650641727308238000
P,'c',1650641727390818000
R,'c',1650641727534240000
P,'p',1650641727535083000
R,'p',1650641727590552000
P,Key.backspace,1650641727812099000
R,Key.backspace,1650641727940048000
P,'o',1650641728226904000
R,'o',1650641728346866000
P,'u',1650641728436700000
R,'u',1650641728536276000
P,'l',1650641728717206000
R,'l',1650641728828968000
P,'d',1650641728871916000
R,'d',1650641729008299000
P,"""'""",1650641729269896000
P,'v',1650641729369926000
R,"""'""",1650641729389217000
R,'v',1650641729506160000
P,'e',1650641729525075000
P,Key.space,1650641729640843000
R,'e',1650641729660050000
R,Key.space,1650641729744904000
P,'t',1650641729767046000
R,'t',1650641729865890000
P,'a',1650641729948717000
P,'l',1650641730067539000
R,'a',1650641730091393000
R,'l',1650641730161230000
P,'k',1650641730247776000
P,'e',1650641730351485000
R,'k',1650641730362859000
R,'e',1650641730440088000
P,'d',1650641730531771000
R,'d',1650641730665540000
P,Key.space,1650641730677643000
R,Key.space,1650641730762245000
P,'t',1650641730813707000
P,'o',1650641730929647000
R,'t',1650641730937029000
R,'o',1650641731034074000
P,Key.space,1650641731135800000
R,Key.space,1650641731219812000
P,Key.shift,1650641731462892000
P,'C',1650641731559893000
R,Key.shift,1650641731638899000
R,'c',1650641731695284000
P,'h',1650641731721682000
R,'h',1650641731833845000
P,'i',1650641731980993000
R,'i',1650641732121005000
P,'s',1650641732147562000
R,'s',1650641732290269000
P,Key.space,1650641732306388000
R,Key.space,1650641732438834000
P,Key.backspace,1650641732690711000
R,Key.backspace,1650641732798030000
P,Key.backspace,1650641732883435000
R,Key.backspace,1650641732980927000
P,Key.backspace,1650641733061775000
R,Key.backspace,1650641733141952000
P,Key.backspace,1650641733220710000
P,'r',1650641733300458000
R,Key.backspace,1650641733311954000
R,'r',1650641733400854000
P,Key.backspace,1650641733733460000
R,Key.backspace,1650641733829559000
P,'h',1650641733968710000
R,'h',1650641734068428000
P,'r',1650641734097622000
R,'r',1650641734221666000
P,'i',1650641734479823000
R,'i',1650641734599755000
P,'s',1650641734759644000
R,'s',1650641734886591000
P,Key.space,1650641734902638000
R,Key.space,1650641735023020000
P,Key.shift,1650641735256730000
P,'R',1650641735440522000
R,Key.shift,1650641735527980000
P,'o',1650641735547015000
R,'r',1650641735570706000
R,'o',1650641735684231000
P,'c',1650641735808431000
P,'k',1650641735896537000
R,'c',1650641735919357000
R,'k',1650641735997016000
P,Key.space,1650641736082385000
R,Key.space,1650641736196732000
P,'a',1650641736198301000
R,'a',1650641736282933000
P,'b',1650641736403229000
P,'o',1650641736468484000
R,'b',1650641736535331000
R,'o',1650641736592662000
P,'t',1650641736780571000
R,'t',1650641736884675000
P,Key.space,1650641736956444000
R,Key.space,1650641737063874000
P,'i',1650641737213466000
R,'i',1650641737333588000
P,'t',1650641737366271000
R,'t',1650641737506249000
P,'.',1650641738054560000
R,'.',1650641738182758000
P,Key.shift,1650641739013379000
P,Key.enter,1650641739083634000
R,Key.enter,1650641739239094000
P,Key.enter,1650641739287547000
R,Key.enter,1650641739431362000
R,Key.shift,1650641739487833000
P,Key.shift,1650641739678889000
P,'T',1650641739925482000
R,Key.shift,1650641740041192000
R,'t',1650641740072613000
P,'h',1650641740098799000
R,'h',1650641740202733000
P,'i',1650641740295714000
P,'s',1650641740368218000
R,'i',1650641740416158000
R,'s',1650641740484654000
P,Key.space,1650641740512343000
R,Key.space,1650641740598669000
P,'d',1650641740618825000
R,'d',1650641740725769000
P,'o',1650641740768376000
P,'e',1650641740883210000
R,'o',1650641740907202000
R,'e',1650641740961580000
P,'s',1650641741079435000
P,'n',1650641741180430000
R,'s',1650641741198103000
R,'n',1650641741267249000
P,"""'""",1650641741817567000
R,"""'""",1650641741937023000
P,'t',1650641742009716000
R,'t',1650641742129391000
P,Key.space,1650641742141559000
R,Key.space,1650641742247389000
P,'m',1650641742302352000
R,'m',1650641742448798000
P,'a',1650641742541375000
R,'a',1650641742724535000
P,Key.backspace,1650641743016316000
P,'e',1650641743136149000
R,Key.backspace,1650641743155265000
P,'a',1650641743288428000
R,'e',1650641743292540000
P,'n',1650641743396911000
R,'a',1650641743435090000
R,'n',1650641743545962000
P,Key.space,1650641743629270000
R,Key.space,1650641743718433000
P,'h',1650641743901721000
R,'h',1650641744012219000
P,'o',1650641744138387000
P,'w',1650641744202287000
R,'o',1650641744233057000
R,'w',1650641744334443000
P,'e',1650641744820412000
R,'e',1650641744940583000
P,'v',1650641745055409000
R,'v',1650641745111491000
P,'e',1650641745164452000
P,'r',1650641745280583000
R,'e',1650641745356208000
R,'r',1650641745423944000
P,Key.backspace,1650641746252322000
P,Key.backspace,1650641746669318000
P,Key.backspace,1650641746769519000
P,Key.backspace,1650641746869929000
R,Key.backspace,1650641746916818000
P,Key.backspace,1650641747041558000
R,Key.backspace,1650641747140598000
P,Key.backspace,1650641747221122000
R,Key.backspace,1650641747328736000
P,Key.backspace,1650641747382844000
R,Key.backspace,1650641747503932000
P,Key.backspace,1650641747565406000
R,Key.backspace,1650641747724725000
P,"','",1650641748062474000
R,"','",1650641748185661000
P,Key.space,1650641748279597000
R,Key.space,1650641748371811000
P,'h',1650641748503061000
R,'h',1650641748585564000
P,'o',1650641748691152000
P,'w',1650641748755169000
R,'o',1650641748823084000
R,'w',1650641748899125000
P,'e',1650641749108170000
R,'e',1650641749224241000
P,'v',1650641749283212000
R,'v',1650641749407470000
P,'e',1650641749495379000
P,'r',1650641749578723000
R,'e',1650641749662514000
P,Key.space,1650641749701585000
R,'r',1650641749739618000
R,Key.space,1650641749797288000
P,Key.backspace,1650641749979121000
R,Key.backspace,1650641750105912000
P,"','",1650641750261549000
R,"','",1650641750348539000
P,Key.space,1650641750448263000
P,'t',1650641750530811000
R,Key.space,1650641750534662000
P,'h',1650641750635963000
R,'t',1650641750658906000
R,'h',1650641750740527000
P,'a',1650641750778229000
R,'a',1650641750939345000
P,'t',1650641750962159000
P,Key.space,1650641751051845000
R,'t',1650641751074763000
R,Key.space,1650641751164283000
P,Key.shift,1650641751214239000
P,'R',1650641751395639000
P,'O',1650641751459615000
R,Key.shift,1650641751474171000
R,'r',1650641751489766000
R,'o',1650641751583175000
P,'c',1650641751658890000
P,'k',1650641751770938000
R,'c',1650641751797859000
R,'k',1650641751899279000
P,Key.backspace,1650641752089141000
R,Key.backspace,1650641752173011000
P,Key.backspace,1650641752274995000
R,Key.backspace,1650641752366901000
P,Key.backspace,1650641752442991000
R,Key.backspace,1650641752575607000
P,'o',1650641752611856000
P,'c',1650641752716078000
R,'o',1650641752747013000
P,'k',1650641752845391000
R,'c',1650641752855471000
R,'k',1650641752946088000
P,Key.space,1650641753045387000
R,Key.space,1650641753136316000
P,'d',1650641753379093000
P,'i',1650641753436690000
R,'d',1650641753483810000
R,'i',1650641753549345000
P,'d',1650641753564766000
P,'n',1650641753662734000
R,'d',1650641753707550000
R,'n',1650641753778860000
P,"""'""",1650641754195929000
R,"""'""",1650641754345483000
P,'t',1650641754378775000
R,'t',1650641754490368000
P,Key.space,1650641754520628000
R,Key.space,1650641754616956000
P,'m',1650641754712449000
P,'a',1650641754809095000
R,'m',1650641754827750000
R,'a',1650641754901781000
P,'k',1650641754972121000
R,'k',1650641755096292000
P,'e',1650641755231902000
R,'e',1650641755352120000
P,Key.space,1650641755363822000
R,Key.space,1650641755475514000
P,'t',1650641755555525000
R,'t',1650641755640790000
P,'h',1650641755648329000
P,'e',1650641755753050000
R,'h',1650641755775658000
R,'e',1650641755862152000
P,Key.space,1650641755872891000
R,Key.space,1650641755963293000
P,'j',1650641756162224000
R,'j',1650641756263627000
P,'o',1650641756362273000
R,'o',1650641756469569000
P,'k',1650641756533064000
P,'e',1650641756637741000
R,'k',1650641756651132000
P,Key.space,1650641756733576000
R,'e',1650641756761377000
R,Key.space,1650641756854163000
P,'i',1650641757021991000
R,'i',1650641757130508000
P,'n',1650641757534937000
R,'n',1650641757652193000
P,Key.space,1650641757754005000
R,Key.space,1650641757842041000
P,'g',1650641759084880000
R,'g',1650641759182289000
P,'o',1650641759183193000
R,'o',1650641759290872000
P,'o',1650641759362748000
P,'d',1650641759468547000
R,'o',1650641759482110000
R,'d',1650641759597932000
P,Key.space,1650641759609396000
R,Key.space,1650641759710957000
P,'t',1650641760189893000
P,'a',1650641760273516000
R,'t',1650641760337536000
P,'s',1650641760413331000
P,'t',1650641760456059000
R,'a',1650641760524945000
R,'s',1650641760528306000
R,'t',1650641760614692000
P,'e',1650641761043511000
R,'e',1650641761180233000
P,'.',1650641761381587000
R,'.',1650641761482031000
P,Key.space,1650641761610653000
R,Key.space,1650641761703175000
P,Key.shift,1650641761756776000
R,Key.shift,1650641761929087000
P,'i',1650641761951386000
R,'i',1650641762071191000
P,Key.backspace,1650641762578706000
R,Key.backspace,1650641762686945000
P,Key.shift,1650641762732768000
P,'I',1650641762820821000
R,Key.shift,1650641762928730000
R,'i',1650641762961153000
P,'t',1650641763059775000
R,'t',1650641763167533000
P,Key.space,1650641763179686000
R,Key.space,1650641763287850000
P,'w',1650641763338651000
R,'w',1650641763490000000
P,'a',1650641763518273000
P,'s',1650641763669173000
P,Key.space,1650641763760318000
R,'a',1650641763784353000
R,'s',1650641763792263000
R,Key.space,1650641763844619000
P,'a',1650641763872662000
P,Key.space,1650641763932480000
R,Key.space,1650641764057366000
R,'a',1650641764073732000
P,'l',1650641764475146000
R,'l',1650641764558809000
P,'o',1650641764645859000
P,'w',1650641764717578000
R,'o',1650641764768492000
R,'w',1650641764861844000
P,'-',1650641765647986000
R,'-',1650641765756801000
P,'b',1650641765989573000
P,'l',1650641766073475000
R,'b',1650641766088545000
R,'l',1650641766181256000
P,'o',1650641766273582000
P,'w',1650641766365559000
R,'o',1650641766404324000
R,'w',1650641766497612000
P,"','",1650641766929718000
R,"','",1650641767109993000
P,Key.space,1650641767205448000
R,Key.space,1650641767313122000
P,'a',1650641767342289000
P,'n',1650641767450661000
R,'a',1650641767454430000
P,'d',1650641767522380000
R,'n',1650641767529704000
P,Key.space,1650641767626638000
R,'d',1650641767714774000
R,Key.space,1650641767746700000
P,'m',1650641768027638000
P,'a',1650641768123754000
R,'m',1650641768146678000
P,'d',1650641768216167000
R,'a',1650641768258068000
R,'d',1650641768315167000
P,'e',1650641768402134000
P,Key.space,1650641768507319000
R,'e',1650641768534500000
R,Key.space,1650641768619751000
P,'f',1650641768652929000
P,'u',1650641768776485000
R,'f',1650641768819358000
R,'u',1650641768896672000
P,'n',1650641769021090000
R,'n',1650641769140698000
P,Key.space,1650641769225471000
R,Key.space,1650641769333643000
P,'o',1650641770508287000
R,'o',1650641770639795000
P,'f',1650641770647371000
P,Key.space,1650641770768624000
R,'f',1650641770772595000
R,Key.space,1650641770891936000
P,Key.shift,1650641770945026000
P,'J',1650641771012340000
R,Key.shift,1650641771109358000
R,'j',1650641771137861000
P,'a',1650641771218600000
R,'a',1650641771298499000
P,'d',1650641771310225000
R,'d',1650641771454835000
P,'a',1650641771477144000
R,'a',1650641771654009000
P,Key.space,1650641771729577000
R,Key.space,1650641771855578000
P,'i',1650641772238407000
P,'s',1650641772295964000
R,'s',1650641772363830000
R,'i',1650641772396609000
P,Key.backspace,1650641773069330000
R,Key.backspace,1650641773186010000
P,'n',1650641773317389000
R,'n',1650641773405609000
P,Key.space,1650641773492342000
R,Key.space,1650641773584713000
P,'p',1650641773727912000
R,'p',1650641773823235000
P,'l',1650641773902252000
P,'a',1650641773978856000
R,'l',1650641774030728000
P,'c',1650641774057974000
R,'a',1650641774131100000
P,'e',1650641774167451000
R,'c',1650641774229658000
R,'e',1650641774317804000
P,'s',1650641774417229000
R,'s',1650641774528995000
P,Key.space,1650641774536285000
R,Key.space,1650641774616385000
P,'w',1650641774693290000
P,'h',1650641774805170000
R,'w',1650641774812629000
P,'e',1650641774881437000
R,'h',1650641774920429000
R,'e',1650641775013068000
P,'r',1650641775083001000
R,'r',1650641775171162000
P,'e',1650641775256119000
P,Key.space,1650641775376813000
R,'e',1650641775379452000
R,Key.space,1650641775488062000
P,'s',1650641775570166000
P,'h',1650641775649467000
R,'s',1650641775694885000
R,'h',1650641775779199000
P,'e',1650641775804129000
R,'e',1650641775907644000
P,Key.space,1650641775993207000
R,Key.space,1650641776069724000
P,'i',1650641776339318000
R,'i',1650641776443151000
P,'s',1650641776447976000
P,Key.space,1650641776538520000
R,'s',1650641776570268000
R,Key.space,1650641776627537000
P,'h',1650641776728201000
R,'h',1650641776812337000
P,'e',1650641776825943000
P,'l',1650641776949436000
R,'e',1650641776964995000
R,'l',1650641777058671000
P,'p',1650641777135923000
R,'p',1650641777267378000
P,'l',1650641777347147000
P,'e',1650641777482648000
R,'l',1650641777486234000
R,'e',1650641777579871000
P,'s',1650641777725275000
R,'s',1650641777809423000
P,'s',1650641777893020000
P,'.',1650641778065554000
R,'s',1650641778080126000
R,'.',1650641778209421000
P,Key.cmd,1650641782126224000
P,Key.tab,1650641782297837000
R,Key.cmd,1650641782413849000
R,Key.tab,1650641782433695000
P,Key.ctrl,1650641783663225000
P,'c',1650641784943037000
P,Key.cmd,1650641950224880000
P,Key.tab,1650641950491761000
R,Key.tab,1650641950653966000
R,Key.cmd,1650641951158623000
R,<0>,1650641951415718000
P,Key.shift,1650641955439571000
P,'B',1650641955660235000
R,'B',1650641955756130000
R,Key.shift,1650641955776403000
P,'i',1650641955868531000
P,'d',1650641955972969000
R,'i',1650641955977548000
R,'d',1650641956065555000
P,'e',1650641956154179000
R,'e',1650641956285863000
P,'n',1650641956672929000
R,'n',1650641956757029000
P,';',1650641957072575000
R,';',1650641957153027000
P,Key.backspace,1650641957389314000
R,Key.backspace,1650641957565483000
P,"""'""",1650641957691046000
R,"""'""",1650641957840778000
P,'s',1650641957985532000
P,Key.space,1650641958112472000
R,'s',1650641958120029000
R,Key.space,1650641958216366000
P,'a',1650641958478006000
R,'a',1650641958578509000
P,'p',1650641958636913000
R,'p',1650641958746343000
P,'p',1650641958824241000
R,'p',1650641958930214000
P,'r',1650641958959536000
P,'o',1650641959048164000
R,'r',1650641959088104000
R,'o',1650641959144335000
P,'a',1650641959504914000
R,'a',1650641959633589000
P,'c',1650641959685786000
P,'h',1650641959785622000
R,'c',1650641959812617000
R,'h',1650641959897964000
P,Key.space,1650641959980869000
R,Key.space,1650641960074927000
P,'t',1650641960191106000
P,'o',1650641960266783000
R,'t',1650641960330911000
R,'o',1650641960371097000
P,Key.space,1650641960476256000
R,Key.space,1650641960542395000
P,'t',1650641960595885000
P,'h',1650641960679843000
R,'t',1650641960706650000
P,'e',1650641960783277000
R,'h',1650641960798584000
P,Key.space,1650641960898727000
R,'e',1650641960918357000
R,Key.space,1650641960999569000
P,Key.shift,1650641961240574000
P,'U',1650641961309887000
R,'U',1650641961418489000
R,Key.shift,1650641961431098000
P,'k',1650641961520792000
R,'k',1650641961636989000
P,'r',1650641961668910000
R,'r',1650641961765206000
P,'a',1650641961798927000
P,'i',1650641961914820000
R,'a',1650641961969610000
R,'i',1650641962015176000
P,'n',1650641962102620000
R,'n',1650641962204023000
P,'e',1650641962260782000
P,Key.space,1650641962374185000
R,'e',1650641962391581000
R,Key.space,1650641962464879000
P,'c',1650641962737479000
P,'o',1650641962817315000
R,'c',1650641962884900000
R,'o',1650641962914666000
P,'n',1650641963018657000
R,'n',1650641963118074000
P,'f',1650641963158764000
R,'f',1650641963264086000
P,'l',1650641963330146000
R,'l',1650641963441913000
P,'i',1650641963535648000
P,'c',1650641963615852000
R,'i',1650641963624594000
R,'c',1650641963749170000
P,'t',1650641963874140000
R,'t',1650641964011961000
P,Key.space,1650641964029855000
R,Key.space,1650641964133873000
P,'i',1650641964653642000
R,'i',1650641964809604000
P,'s',1650641964826833000
R,'s',1650641964952015000
P,Key.space,1650641964982754000
R,Key.space,1650641965094641000
P,'i',1650641965523669000
R,'i',1650641965627874000
P,'n',1650641965728517000
R,'n',1650641965836819000
P,Key.space,1650641965900512000
R,Key.space,1650641966016803000
P,'t',1650641966147829000
P,'h',1650641966255683000
R,'t',1650641966279782000
R,'h',1650641966364092000
P,'e',1650641966388984000
P,Key.space,1650641966477329000
R,'e',1650641966504219000
R,Key.space,1650641966581951000
P,'b',1650641966685591000
R,'b',1650641966760931000
P,'e',1650641966808335000
R,'e',1650641966933144000
P,'s',1650641967010174000
P,'t',1650641967089893000
R,'s',1650641967126050000
R,'t',1650641967188630000
P,Key.space,1650641967319670000
R,Key.space,1650641967410820000
P,'i',1650641967554223000
R,'i',1650641967668725000
P,'n',1650641967751371000
P,'t',1650641967831968000
R,'n',1650641967879440000
R,'t',1650641967959700000
P,'e',1650641968051872000
P,'r',1650641968161159000
R,'e',1650641968188968000
R,'r',1650641968297826000
P,'e',1650641968316721000
R,'e',1650641968452671000
P,'s',1650641968626440000
R,'s',1650641968682202000
P,'t',1650641968798699000
R,'t',1650641968898537000
P,Key.space,1650641968903170000
R,Key.space,1650641969014975000
P,'o',1650641969150303000
R,'o',1650641969185269000
P,'i',1650641969193370000
R,'i',1650641969270258000
P,'f',1650641969291850000
R,'f',1650641969436891000
P,'=',1650641969829389000
R,'=',1650641969905104000
P,Key.backspace,1650641970004001000
R,Key.backspace,1650641970107751000
P,Key.backspace,1650641970207072000
R,Key.backspace,1650641970276131000
P,Key.backspace,1650641970357241000
P,'f',1650641970449960000
R,Key.backspace,1650641970472173000
R,'f',1650641970565868000
P,Key.space,1650641970601180000
R,Key.space,1650641970709108000
P,'t',1650641970720725000
R,'t',1650641970832286000
P,'h',1650641970844510000
P,'e',1650641970924317000
R,'h',1650641970949002000
P,Key.space,1650641971037465000
R,'e',1650641971047542000
R,Key.space,1650641971112661000
P,'w',1650641971196355000
P,'o',1650641971316534000
R,'w',1650641971320648000
P,'r',1650641971424275000
R,'o',1650641971455042000
R,'r',1650641971520894000
P,'d',1650641971626062000
P,'l',1650641971681571000
R,'d',1650641971757353000
R,'l',1650641971841405000
P,Key.backspace,1650641972017599000
R,Key.backspace,1650641972117034000
P,Key.backspace,1650641972204852000
R,Key.backspace,1650641972338059000
P,'l',1650641972428430000
P,'d',1650641972504505000
R,'l',1650641972512468000
R,'d',1650641972604462000
P,"','",1650641972779345000
R,"','",1650641972888518000
P,Key.space,1650641972980852000
R,Key.space,1650641973066676000
P,'b',1650641973165579000
R,'b',1650641973269660000
P,'u',1650641973397226000
P,'t',1650641973477210000
R,'u',1650641973492127000
R,'t',1650641973597558000
P,Key.space,1650641973640469000
R,Key.space,1650641973717006000
P,'m',1650641973819707000
R,'m',1650641973943907000
P,'a',1650641973959472000
R,'a',1650641974075801000
P,'y',1650641974862355000
R,'y',1650641974969567000
P,'b',1650641975073216000
R,'b',1650641975181559000
P,'e',1650641975220634000
P,Key.space,1650641975309203000
R,'e',1650641975377194000
R,Key.space,1650641975412360000
P,'n',1650641975631546000
R,'n',1650641975764517000
P,'o',1650641975879018000
R,'o',1650641975995245000
P,'t',1650641975996467000
R,'t',1650641976127345000
P,Key.space,1650641976302178000
R,Key.space,1650641976406251000
P,Key.backspace,1650641976847234000
R,Key.backspace,1650641976987127000
P,'o',1650641977060346000
R,'o',1650641977148628000
P,Key.backspace,1650641977320459000
R,Key.backspace,1650641977440458000
P,Key.space,1650641977500977000
R,Key.space,1650641977637559000
P,'o',1650641977651145000
R,'o',1650641977767231000
P,'f',1650641977803696000
P,Key.space,1650641977903125000
R,'f',1650641977922034000
R,Key.space,1650641978015229000
P,Key.shift,1650641978212852000
P,'A',1650641978434324000
R,Key.shift,1650641978573939000
R,'a',1650641978590172000
P,'m',1650641979338991000
R,'m',1650641979455530000
P,'e',1650641979497023000
P,'r',1650641979612650000
R,'e',1650641979692953000
R,'r',1650641979750099000
P,'i',1650641979766178000
R,'i',1650641979894318000
P,'c',1650641979988495000
P,'a',1650641980072922000
R,'c',1650641980146830000
R,'a',1650641980204452000
P,'.',1650641981092118000
R,'.',1650641981237878000
P,Key.space,1650641981448078000
R,Key.space,1650641981540429000
P,Key.shift,1650641981593867000
P,'I',1650641981834125000
R,'I',1650641981949348000
R,Key.shift,1650641982006582000
P,'t',1650641982361868000
P,Key.space,1650641982486091000
R,'t',1650641982490037000
R,Key.space,1650641982594127000
P,'d',1650641982715019000
P,'o',1650641982753632000
R,'d',1650641982834790000
R,'o',1650641982923866000
P,'e',1650641982927906000
R,'e',1650641983051125000
P,'s',1650641983122161000
P,'n',1650641983217748000
R,'s',1650641983291119000
R,'n',1650641983314055000
P,"""'""",1650641983836826000
R,"""'""",1650641983961174000
P,'t',1650641983998349000
R,'t',1650641984116679000
P,Key.space,1650641984121144000
R,Key.space,1650641984210212000
P,'m',1650641984314611000
R,'m',1650641984418236000
P,'a',1650641984428916000
R,'a',1650641984514193000
P,'k',1650641984545146000
R,'k',1650641984629772000
P,'e',1650641984637171000
R,'e',1650641984777946000
P,Key.space,1650641984782141000
R,Key.space,1650641984866015000
P,'m',1650641984961419000
P,'e',1650641985061874000
R,'m',1650641985065858000
R,'e',1650641985193847000
P,Key.space,1650641985205967000
R,Key.space,1650641985325901000
P,'f',1650641985427156000
R,'f',1650641985544824000
P,'e',1650641985559420000
R,'e',1650641985652012000
P,'e',1650641985728852000
P,'l',1650641985824652000
R,'e',1650641985921831000
R,'l',1650641985949278000
P,Key.space,1650641986052107000
R,Key.space,1650641986175497000
P,'c',1650641986759807000
P,'o',1650641986794522000
R,'c',1650641986872292000
R,'o',1650641986904475000
P,'m',1650641987027015000
R,'m',1650641987091402000
P,'p',1650641987215783000
R,'p',1650641987304356000
P,'l',1650641987377736000
P,'e',1650641987408527000
R,'l',1650641987509864000
R,'e',1650641987585569000
P,'t',1650641987593161000
R,'t',1650641987725647000
P,'e',1650641987737753000
P,'l',1650641987849951000
R,'e',1650641987921759000
P,'y',1650641987982126000
R,'l',1650641987984997000
R,'y',1650641988161425000
P,Key.space,1650641988164305000
R,Key.space,1650641988262187000
P,Key.space,1650641988517789000
R,Key.space,1650641988636169000
P,'s',1650641988668912000
P,'a',1650641988740241000
R,'s',1650641988796404000
R,'a',1650641988900981000
P,Key.backspace,1650641989109728000
R,Key.backspace,1650641989205569000
P,Key.backspace,1650641989290441000
R,Key.backspace,1650641989365678000
P,Key.backspace,1650641989461498000
R,Key.backspace,1650641989541763000
P,Key.backspace,1650641989604495000
P,'s',1650641989737789000
R,Key.backspace,1650641989741572000
P,'a',1650641989834120000
R,'s',1650641989933620000
R,'a',1650641989981967000
P,'f',1650641990052436000
P,'e',1650641990167449000
R,'f',1650641990239800000
R,'e',1650641990319937000
P,"','",1650641990521316000
R,"','",1650641990623976000
P,Key.space,1650641990747741000
R,Key.space,1650641990824076000
P,'b',1650641990923669000
P,'e',1650641991045753000
R,'b',1650641991057602000
R,'e',1650641991170363000
P,'c',1650641991227440000
R,'c',1650641991432101000
P,'a',1650641991439294000
P,'u',1650641991542502000
P,'s',1650641991562715000
R,'a',1650641991674467000
R,'u',1650641991678250000
R,'s',1650641991759062000
P,'e',1650641991829691000
P,Key.space,1650641991905329000
R,Key.space,1650641992001330000
R,'e',1650641992014239000
P,Key.shift,1650641992194010000
P,'I',1650641992365679000
R,'I',1650641992449831000
R,Key.shift,1650641992662123000
P,"""'""",1650641993423669000
R,"""'""",1650641993547470000
P,'m',1650641993689688000
R,'m',1650641993777747000
P,Key.space,1650641993888988000
R,Key.space,1650641993984558000
P,'d',1650641994063430000
R,'d',1650641994194686000
P,'e',1650641994225262000
P,'f',1650641994337714000
R,'e',1650641994385254000
P,'i',1650641994417416000
R,'f',1650641994477661000
R,'i',1650641994522007000
P,'n',1650641994596671000
P,'e',1650641994684640000
R,'n',1650641994727799000
R,'e',1650641994844814000
P,'l',1650641995238995000
R,'l',1650641995331766000
P,Key.backspace,1650641995490494000
P,'t',1650641995638941000
R,Key.backspace,1650641995657240000
R,'t',1650641995774811000
P,'l',1650641995785841000
P,'y',1650641995886752000
R,'l',1650641995897794000
R,'y',1650641996034761000
P,Key.space,1650641996049296000
R,Key.space,1650641996163466000
P,'i',1650641996631348000
R,'i',1650641996735601000
P,'n',1650641996836403000
R,'n',1650641996923999000
P,Key.space,1650641997011868000
R,Key.space,1650641997107676000
P,'a',1650641997163334000
P,'n',1650641997266458000
R,'a',1650641997282394000
R,'n',1650641997379693000
P,Key.space,1650641997464360000
R,Key.space,1650641997568708000
P,'a',1650641997867592000
R,'a',1650641998007869000
P,'a',1650641998053562000
R,'a',1650641998072666000
P,'r',1650641998106849000
P,'e',1650641998234300000
R,'r',1650641998278878000
R,'e',1650641998396305000
P,'a',1650641998465093000
P,Key.space,1650641998633134000
R,'a',1650641998645569000
R,Key.space,1650641998749465000
P,'w',1650641998858851000
R,'w',1650641998987996000
P,'h',1650641999232651000
R,'h',1650641999349115000
P,'i',1650641999441600000
P,'c',1650641999536507000
R,'i',1650641999568182000
R,'c',1650641999665062000
P,'h',1650641999672680000
R,'h',1650641999773683000
P,Key.space,1650641999890690000
R,Key.space,1650641999946855000
P,'w',1650642000017826000
P,'o',1650642000157261000
R,'w',1650642000174470000
R,'o',1650642000275652000
P,'u',1650642000385609000
R,'u',1650642000441839000
P,'l',1650642000603165000
P,'d',1650642000711746000
R,'l',1650642000714954000
P,Key.space,1650642000840525000
R,'d',1650642000871300000
R,Key.space,1650642000932473000
P,'b',1650642001013430000
P,'e',1650642001107846000
R,'b',1650642001132192000
R,'e',1650642001216754000
P,Key.space,1650642001236090000
R,Key.space,1650642001308762000
P,'s',1650642001429677000
R,'s',1650642001511602000
P,'t',1650642001645820000
R,'t',1650642001772579000
P,'r',1650642002046931000
R,'r',1650642002180958000
P,'u',1650642002329699000
R,'u',1650642002446543000
P,'c',1650642002472365000
R,'c',1650642002572746000
P,'k',1650642002591075000
R,'k',1650642002699693000
P,Key.space,1650642002796030000
R,Key.space,1650642002904460000
P,'b',1650642003099025000
R,'b',1650642003219459000
P,'y',1650642003340035000
R,'y',1650642003432557000
P,Key.space,1650642003833344000
R,Key.space,1650642003901388000
P,'a',1650642004005188000
P,'n',1650642004028699000
R,'a',1650642004129667000
R,'n',1650642004173570000
P,Key.space,1650642004255160000
R,Key.space,1650642004375500000
P,'a',1650642004452294000
R,'a',1650642004539787000
P,'t',1650642004696593000
R,'t',1650642004800935000
P,'o',1650642004852756000
R,'o',1650642004956635000
P,'m',1650642005054219000
R,'m',1650642005171199000
P,'i',1650642005276355000
P,'c',1650642005348181000
R,'i',1650642005351437000
P,'a',1650642005452181000
R,'c',1650642005499672000
R,'a',1650642005565051000
P,Key.backspace,1650642006091342000
R,Key.backspace,1650642006233902000
P,Key.space,1650642006483244000
R,Key.space,1650642006518278000
P,'b',1650642006695538000
R,'b',1650642006815347000
P,'o',1650642007196508000
R,'o',1650642007315560000
P,'m',1650642007418355000
P,'b',1650642007524736000
R,'m',1650642007525870000
R,'b',1650642007630718000
P,'.',1650642007859196000
R,'.',1650642007950795000
P,Key.cmd,1650642012229246000
P,Key.tab,1650642012413014000
R,Key.tab,1650642012599885000
R,Key.cmd,1650642013105318000
R,<0>,1650642013366842000
P,Key.ctrl,1650642014067381000
P,'c',1650642014288066000
