P,Key.cmd,1651850569717260000
P,Key.tab,1651850569864997000
R,Key.tab,1651850569936729000
R,Key.cmd,1651850570017190000
P,'i',1651850577651781000
R,'i',1651850577702827000
P,'n',1651850577747535000
R,'n',1651850577868864000
P,'s',1651850577958532000
R,'s',1651850578082957000
P,'t',1651850578119603000
R,'t',1651850578182885000
P,'a',1651850578199289000
R,'a',1651850578316384000
P,'g',1651850578342413000
R,'g',1651850578413700000
P,'r',1651850578791547000
R,'r',1651850578881112000
P,'m',1651850580665551000
R,'m',1651850580749030000
P,Key.backspace,1651850581420310000
R,Key.backspace,1651850581530927000
P,'a',1651850581909410000
R,'a',1651850581969452000
P,'m',1651850582002513000
R,'m',1651850582074459000
P,'.',1651850582345562000
R,'.',1651850582440600000
P,'c',1651850582521503000
R,'c',1651850582604561000
P,'o',1651850582676567000
R,'o',1651850582743609000
P,'m',1651850582865568000
R,'m',1651850582989823000
P,Key.enter,1651850583277549000
R,Key.enter,1651850583402439000
P,'f',1651850590427393000
R,'f',1651850590487733000
P,'p',1651850592544518000
R,'p',1651850592612598000
P,'d',1651850593006270000
R,'d',1651850593070799000
P,'s',1651850593294544000
R,'s',1651850593378417000
P,'o',1651850593432552000
R,'o',1651850593504686000
P,'c',1651850593526337000
R,'c',1651850593609843000
P,'i',1651850593667243000
R,'i',1651850593731371000
P,'a',1651850593739029000
R,'a',1651850593867635000
P,'l',1651850593974404000
R,'l',1651850594097001000
P,Key.shift_r,1651850595607450000
P,'@',1651850596219224000
R,'@',1651850596306980000
R,Key.shift_r,1651850596359460000
P,'g',1651850597018181000
R,'g',1651850597079242000
P,'m',1651850597118280000
R,'m',1651850597238602000
P,'a',1651850597256867000
R,'a',1651850597365390000
P,'i',1651850597465333000
R,'i',1651850597541579000
P,'l',1651850597647986000
R,'l',1651850597752817000
P,'.',1651850598124376000
R,'.',1651850598196487000
P,'c',1651850598302310000
P,'o',1651850598386390000
R,'c',1651850598405228000
R,'o',1651850598434376000
P,'m',1651850598502261000
R,'m',1651850598602722000
P,Key.tab,1651850599132343000
R,Key.tab,1651850599243310000
P,Key.shift_r,1651850600267302000
R,'S',1651850600581024000
R,Key.shift_r,1651850600626855000
P,'o',1651850601182347000
R,'o',1651850601254676000
P,'c',1651850601443133000
R,'c',1651850601541368000
P,'i',1651850601599844000
R,'i',1651850601668091000
P,'a',1651850601675885000
R,'a',1651850601804510000
P,'l',1651850601885371000
R,'l',1651850601973495000
P,']',1651850602751173000
P,Key.backspace,1651850602782947000
R,Key.backspace,1651850602802186000
R,']',1651850602805923000
P,Key.backspace,1651850602916853000
R,Key.backspace,1651850602961151000
P,']',1651850603236261000
R,']',1651850603272403000
P,']',1651850603361097000
R,']',1651850603437491000
P,Key.backspace,1651850603718080000
R,Key.backspace,1651850603794404000
P,Key.backspace,1651850603861944000
R,Key.backspace,1651850603942501000
P,Key.backspace,1651850604019967000
R,Key.backspace,1651850604088935000
P,Key.backspace,1651850604168296000
R,Key.backspace,1651850604232309000
P,Key.backspace,1651850604305214000
R,Key.backspace,1651850604385289000
P,Key.backspace,1651850604694219000
R,Key.backspace,1651850604766065000
P,Key.tab,1651850605126089000
P,Key.shift_r,1651850606867187000
R,Key.shift_r,1651850607168384000
P,Key.shift_r,1651850608833153000
R,Key.shift_r,1651850609201089000
P,Key.left,1651850622115777000
P,Key.left,1651850622533051000
P,Key.left,1651850622634586000
P,Key.left,1651850622734119000
P,Key.left,1651850622834432000
P,Key.left,1651850622934544000
R,Key.left,1651850622964109000
P,Key.left,1651850623024760000
R,Key.left,1651850623205000000
P,Key.left,1651850623291648000
P,Key.left,1651850623708926000
P,Key.left,1651850623809754000
P,Key.left,1651850623909488000
P,Key.left,1651850624011385000
R,Key.left,1651850624088145000
P,Key.left,1651850624216577000
R,Key.left,1651850624329120000
P,Key.left,1651850624401545000
R,Key.left,1651850624514175000
P,Key.left,1651850624575769000
R,Key.left,1651850624670750000
P,Key.left,1651850624737759000
R,Key.left,1651850624853971000
P,'1',1651850625550130000
R,'1',1651850625653044000
P,Key.enter,1651850625935724000
R,Key.enter,1651850626035930000
P,Key.shift_r,1651850671946270000
P,'I',1651850672105887000
R,Key.shift_r,1651850672170681000
R,'i',1651850672198129000
P,Key.space,1651850672374991000
R,Key.space,1651850672466789000
P,'t',1651850672761033000
P,'h',1651850672813624000
R,'t',1651850672829529000
R,'h',1651850672899465000
P,'o',1651850672977787000
R,'o',1651850673085302000
P,'u',1651850673180690000
R,'u',1651850673257010000
P,'g',1651850673364875000
R,'g',1651850673457355000
P,'h',1651850673517960000
R,'h',1651850673601009000
P,'t',1651850673620111000
R,'t',1651850673689289000
P,Key.space,1651850673794486000
R,Key.space,1651850673908008000
P,'i',1651850674145085000
R,'i',1651850674216561000
P,'t',1651850674283486000
R,'t',1651850674364038000
P,Key.space,1651850674428113000
R,Key.space,1651850674544237000
P,'w',1651850674886979000
R,'w',1651850674975194000
P,'a',1651850675106927000
R,'a',1651850675282937000
P,'s',1651850675287143000
R,'s',1651850675399314000
P,Key.space,1651850675460958000
R,Key.space,1651850675589280000
P,'i',1651850675911077000
R,'i',1651850675963004000
P,'n',1651850676033646000
R,'n',1651850676138432000
P,'s',1651850676237955000
R,'s',1651850676313882000
P,'p',1651850676340197000
R,'p',1651850676463310000
P,'i',1651850676598196000
R,'i',1651850676670221000
P,'r',1651850676685910000
R,'r',1651850676733071000
P,'i',1651850676813457000
R,'i',1651850676917552000
P,'n',1651850677080710000
R,'n',1651850677196818000
P,'g',1651850677237768000
R,'g',1651850677317666000
P,Key.space,1651850677384417000
R,Key.space,1651850677496935000
P,'h',1651850677810996000
R,'h',1651850677890223000
P,'w',1651850678089921000
R,'w',1651850678145052000
P,Key.backspace,1651850678581475000
R,Key.backspace,1651850678733901000
P,'o',1651850679144667000
R,'o',1651850679208253000
P,'w',1651850679321260000
R,'w',1651850679433486000
P,Key.space,1651850679445301000
R,Key.space,1651850679549249000
P,'t',1651850679589622000
P,'h',1651850679685459000
R,'t',1651850679689583000
R,'h',1651850679753285000
P,'e',1651850679819827000
R,'e',1651850679900502000
P,Key.space,1651850679904625000
R,Key.space,1651850680048914000
P,'t',1651850680244694000
R,'t',1651850680325216000
P,'e',1651850680463355000
R,'e',1651850680556142000
P,'a',1651850680687798000
P,'m',1651850680755766000
R,'a',1651850680778393000
P,Key.space,1651850680891882000
R,'m',1651850680902646000
R,Key.space,1651850681008063000
P,'c',1651850681478035000
R,'c',1651850681567689000
P,'a',1651850681681664000
R,'a',1651850681770249000
P,'m',1651850681900613000
R,'m',1651850682012943000
P,'e',1651850682035458000
R,'e',1651850682115428000
P,Key.space,1651850682161650000
R,Key.space,1651850682271085000
P,'t',1651850682839726000
R,'t',1651850682863238000
P,'o',1651850682928553000
R,'o',1651850683035894000
P,'g',1651850683239982000
P,'e',1651850683320586000
R,'g',1651850683321366000
R,'e',1651850683440229000
P,'t',1651850683493549000
R,'t',1651850683567887000
P,'h',1651850683598562000
R,'h',1651850683687062000
P,'e',1651850683704628000
P,'r',1651850683779923000
R,'e',1651850683819991000
R,'r',1651850683900402000
P,Key.space,1651850683908394000
R,Key.space,1651850684036900000
P,'n',1651850684211743000
R,'n',1651850684351248000
P,'d',1651850684371757000
R,'d',1651850684472010000
P,Key.backspace,1651850684898708000
R,Key.backspace,1651850684960671000
P,Key.backspace,1651850685028547000
R,Key.backspace,1651850685116281000
P,'a',1651850685327854000
R,'a',1651850685418743000
P,'n',1651850685464784000
R,'n',1651850685540761000
P,'d',1651850685594438000
R,'d',1651850685695530000
P,Key.space,1651850685711728000
R,Key.space,1651850685816187000
P,'r',1651850685866665000
P,'e',1651850685974867000
R,'r',1651850685997277000
R,'e',1651850686095043000
P,'l',1651850686294428000
R,'l',1651850686345672000
P,Key.backspace,1651850686757853000
R,Key.backspace,1651850686849109000
P,'a',1651850686994585000
R,'a',1651850687097899000
P,'l',1651850687124867000
R,'l',1651850687228982000
P,'i',1651850687384864000
R,'i',1651850687465014000
P,'z',1651850687663914000
R,'z',1651850687751784000
P,'e',1651850687934892000
R,'e',1651850688061656000
P,'d',1651850688188183000
P,Key.space,1651850688230928000
R,'d',1651850688266251000
R,Key.space,1651850688367773000
P,'t',1651850688439470000
R,'t',1651850688499998000
P,'h',1651850688562528000
R,'h',1651850688657568000
P,Key.backspace,1651850689671352000
R,Key.backspace,1651850689723151000
P,Key.backspace,1651850689816288000
R,Key.backspace,1651850689912379000
P,'h',1651850690335560000
R,'h',1651850690419547000
P,'o',1651850690469251000
R,'o',1651850690601321000
P,'w',1651850690605392000
R,'w',1651850690701505000
P,Key.space,1651850690724624000
R,Key.space,1651850690820760000
P,'i',1651850690987589000
R,'i',1651850691045452000
P,'m',1651850691556134000
R,'m',1651850691664986000
P,'p',1651850691788614000
P,'o',1651850691887992000
P,'r',1651850691923056000
R,'p',1651850691927423000
R,'o',1651850691980224000
P,'t',1651850692108520000
R,'r',1651850692135915000
R,'t',1651850692216715000
P,'a',1651850692478437000
R,'a',1651850692566750000
P,'n',1651850692688833000
R,'n',1651850692796772000
P,'t',1651850692804638000
R,'t',1651850692894735000
P,Key.space,1651850692936257000
R,Key.space,1651850693032878000
P,'i',1651850693885304000
R,'i',1651850693948789000
P,'t',1651850693986168000
R,'t',1651850694074759000
P,Key.space,1651850694204366000
R,Key.space,1651850694304654000
P,'w',1651850694555553000
R,'w',1651850694679611000
P,'a',1651850694939980000
R,'a',1651850695087642000
P,'s',1651850695129526000
R,'s',1651850695245667000
P,Key.space,1651850695274457000
R,Key.space,1651850695394778000
P,'f',1651850695862165000
R,'f',1651850695957564000
P,'o',1651850695960549000
R,'o',1651850696042036000
P,'r',1651850696087605000
R,'r',1651850696179549000
P,Key.space,1651850696224171000
R,Key.space,1651850696340468000
P,'t',1651850696828519000
R,'t',1651850696901422000
P,'h',1651850696934056000
R,'h',1651850697007955000
P,'e',1651850697051509000
R,'e',1651850697136716000
P,'m',1651850697178623000
R,'m',1651850697294719000
P,Key.space,1651850697301630000
R,Key.space,1651850697390557000
P,'t',1651850697678720000
R,'t',1651850697754897000
P,'o',1651850697814454000
R,'o',1651850697930793000
P,Key.space,1651850698049463000
R,Key.space,1651850698133588000
P,'p',1651850698433555000
R,'p',1651850698521151000
P,'r',1651850698613861000
P,'e',1651850698687879000
R,'r',1651850698706884000
R,'e',1651850698848705000
P,Key.backspace,1651850699323619000
R,Key.backspace,1651850699354400000
P,Key.backspace,1651850699845225000
R,Key.backspace,1651850699913309000
P,'e',1651850699969116000
P,'r',1651850700094632000
R,'e',1651850700195214000
R,'r',1651850700241563000
P,'f',1651850700756306000
R,'f',1651850700872410000
P,'o',1651850700873431000
R,'o',1651850700944917000
P,'r',1651850700986088000
R,'r',1651850701078642000
P,'m',1651850701140484000
R,'m',1651850701284547000
P,Key.space,1651850701335134000
R,Key.space,1651850701455133000
P,'w',1651850701965428000
R,'w',1651850702062066000
P,'e',1651850702281319000
R,'e',1651850702381641000
P,'l',1651850702565578000
R,'l',1651850702641350000
P,'l',1651850702712068000
R,'l',1651850702780130000
P,Key.space,1651850702945188000
R,Key.space,1651850703025382000
P,'i',1651850703263003000
R,'i',1651850703315501000
P,'n',1651850703375268000
R,'n',1651850703479412000
P,Key.space,1651850703628033000
R,Key.space,1651850703701545000
P,'s',1651850703762247000
R,'s',1651850703898659000
P,'c',1651850703977738000
R,'c',1651850704072676000
P,'h',1651850704091017000
R,'h',1651850704178853000
P,'o',1651850704370320000
R,'o',1651850704437546000
P,'o',1651850704505380000
R,'o',1651850704572726000
P,'l',1651850704734922000
R,'l',1651850704822751000
P,Key.space,1651850705117587000
R,Key.space,1651850705227921000
P,'a',1651850705250354000
R,'a',1651850705323311000
P,'n',1651850705362143000
R,'n',1651850705437832000
P,Key.space,1651850705555063000
R,Key.space,1651850705661569000
P,Key.backspace,1651850706377874000
R,Key.backspace,1651850706457546000
P,'d',1651850706496846000
R,'d',1651850706594604000
P,Key.space,1651850706725336000
R,Key.space,1651850706841836000
P,'n',1651850706969339000
R,'n',1651850707065721000
P,'o',1651850707151302000
R,'o',1651850707244824000
P,'t',1651850707286844000
R,'t',1651850707344695000
P,Key.space,1651850707364598000
R,Key.space,1651850707465711000
P,'j',1651850707728257000
R,'j',1651850707819894000
P,'u',1651850707894159000
R,'u',1651850707974557000
P,'s',1651850708003595000
R,'s',1651850708084474000
P,'t',1651850708212722000
R,'t',1651850708289447000
P,Key.space,1651850708314733000
R,Key.space,1651850708418603000
P,'i',1651850708571062000
R,'i',1651850708635018000
P,'n',1651850708689271000
R,'n',1651850708802446000
P,Key.space,1651850708929888000
R,Key.space,1651850709014370000
P,'b',1651850709116695000
R,'b',1651850709185353000
P,'a',1651850709228992000
R,'a',1651850709381533000
P,'s',1651850709402975000
R,'s',1651850709544791000
P,'k',1651850709605103000
P,'e',1651850709684989000
R,'k',1651850709688209000
R,'e',1651850709800708000
P,'t',1651850709881849000
R,'t',1651850709967526000
P,'b',1651850710696985000
R,'b',1651850710753054000
P,'l',1651850711079999000
R,'l',1651850711136322000
P,Key.backspace,1651850711578165000
R,Key.backspace,1651850711649882000
P,'a',1651850712000328000
R,'a',1651850712095210000
P,'l',1651850712130283000
R,'l',1651850712195415000
P,'l',1651850712257521000
R,'l',1651850712321958000
P,'.',1651850713247374000
R,'.',1651850713290349000
P,Key.cmd,1651850745960484000
P,Key.tab,1651850746112349000
R,Key.tab,1651850746172151000
R,Key.cmd,1651850746236781000
P,Key.ctrl,1651850748541417000
P,'c',1651850748753511000
P,Key.cmd,1651851098672272000
P,Key.tab,1651851098820036000
R,Key.tab,1651851098883579000
R,Key.cmd,1651851098933164000
P,Key.cmd,1651851104511865000
P,Key.tab,1651851104666398000
R,Key.tab,1651851104739737000
R,Key.cmd,1651851104780197000
P,'i',1651851109077953000
R,'i',1651851109144669000
P,'n',1651851109191766000
R,'n',1651851109304705000
P,'s',1651851109400710000
P,'t',1651851109509986000
R,'s',1651851109512453000
R,'t',1651851109571982000
P,'a',1651851109638775000
R,'a',1651851109725441000
P,'g',1651851109733616000
R,'g',1651851109809900000
P,'r',1651851111910588000
R,'r',1651851112014865000
P,'a',1651851112157654000
R,'a',1651851112273881000
P,'m',1651851112298629000
R,'m',1651851112378118000
P,'.',1651851112663596000
R,'.',1651851112759168000
P,'c',1651851112882576000
P,'o',1651851112986624000
R,'c',1651851112994181000
R,'o',1651851113061575000
P,'m',1651851113113563000
R,'m',1651851113217833000
P,Key.enter,1651851113575549000
R,Key.enter,1651851113662454000
P,Key.shift_r,1651851144171021000
P,'I',1651851144325599000
R,Key.shift_r,1651851144378432000
R,'i',1651851144435309000
P,Key.space,1651851144797943000
R,Key.space,1651851144906327000
P,'t',1651851144976149000
R,'t',1651851145056258000
P,Key.backspace,1651851146015175000
R,Key.backspace,1651851146124307000
P,'u',1651851146312930000
R,'u',1651851146374235000
P,'n',1651851146441793000
R,'n',1651851146526151000
P,'e',1651851146699453000
R,'e',1651851146820146000
P,Key.backspace,1651851147164019000
R,Key.backspace,1651851147292140000
P,'d',1651851147316835000
R,'d',1651851147421318000
P,'e',1651851147492028000
P,'r',1651851147598980000
R,'e',1651851147675824000
R,'r',1651851147724385000
P,'s',1651851147911873000
R,'s',1651851148031828000
P,'t',1651851148258805000
R,'t',1651851148298119000
P,'a',1651851148409887000
R,'a',1651851148501426000
P,'n',1651851148578882000
P,'d',1651851148694851000
R,'n',1651851148698602000
R,'d',1651851148786814000
P,Key.space,1651851148798055000
R,Key.space,1651851148891799000
P,'w',1651851149016983000
R,'w',1651851149117066000
P,'h',1651851149331956000
R,'h',1651851149416064000
P,'y',1651851149528116000
R,'y',1651851149626919000
P,Key.space,1651851149797099000
R,Key.space,1651851149901431000
P,Key.shift_r,1651851150139516000
P,'W',1651851150290901000
R,Key.shift_r,1651851150381853000
R,'w',1651851150401794000
P,'i',1651851150524029000
R,'i',1651851150591095000
P,'l',1651851150786601000
R,'l',1651851150857346000
P,'l',1651851151244997000
R,'l',1651851151321247000
P,Key.space,1651851151466978000
R,Key.space,1651851151543086000
P,Key.shift_r,1651851151713940000
P,'S',1651851151845780000
R,Key.shift_r,1651851151896956000
R,'s',1651851151946565000
P,'m',1651851151959768000
R,'m',1651851152063897000
P,'i',1651851152175792000
R,'i',1651851152252033000
P,'t',1651851152302518000
R,'t',1651851152387003000
P,'h',1651851152409568000
R,'h',1651851152486189000
P,Key.space,1651851152546635000
R,Key.space,1651851152653660000
P,'w',1651851152957318000
R,'w',1651851153064439000
P,'o',1651851153202130000
P,'u',1651851153301183000
R,'o',1651851153320599000
R,'u',1651851153417845000
P,Key.backspace,1651851154625427000
R,Key.backspace,1651851154707370000
P,Key.backspace,1651851154784525000
R,Key.backspace,1651851154876742000
P,'a',1651851154962549000
P,'s',1651851155110708000
R,'a',1651851155170720000
R,'s',1651851155274843000
P,Key.space,1651851155375509000
R,Key.space,1651851155503689000
P,'u',1651851156090677000
R,'u',1651851156166958000
P,'p',1651851156274108000
R,'p',1651851156396784000
P,'s',1651851156641956000
R,'s',1651851156740945000
P,'e',1651851156858483000
R,'e',1651851156942826000
P,'t',1651851156981954000
R,'t',1651851157065165000
P,Key.space,1651851157186673000
R,Key.space,1651851157270951000
P,'w',1651851157396328000
P,'i',1651851157504748000
R,'w',1651851157515626000
R,'i',1651851157593090000
P,'t',1651851157630872000
R,'t',1651851157704005000
P,'h',1651851157724826000
R,'h',1651851157792876000
P,Key.space,1651851157868614000
R,Key.space,1651851157974037000
P,Key.shift_r,1651851158200128000
P,'C',1651851158340680000
R,Key.shift_r,1651851158452695000
R,'c',1651851158464336000
P,'h',1651851158569798000
R,'h',1651851158661866000
P,'i',1651851158731658000
R,'i',1651851158848490000
P,'r',1651851159274508000
R,'r',1651851159335479000
P,Key.backspace,1651851159562533000
R,Key.backspace,1651851159642713000
P,Key.backspace,1651851159694509000
R,Key.backspace,1651851159798278000
P,'r',1651851159852596000
R,'r',1651851159976696000
P,'i',1651851160066701000
R,'i',1651851160155409000
P,'s',1651851160198192000
R,'s',1651851160314578000
P,Key.space,1651851160527663000
R,Key.space,1651851160615369000
P,Key.shift_r,1651851160784631000
P,'R',1651851160860534000
R,'R',1651851160975287000
R,Key.shift_r,1651851160992814000
P,'o',1651851161118622000
R,'o',1651851161192081000
P,'c',1651851161257941000
R,'c',1651851161362430000
P,'k',1651851161366339000
R,'k',1651851161446885000
P,"""'""",1651851161926452000
R,"""'""",1651851162002601000
P,'s',1651851162058487000
R,'s',1651851162174408000
P,Key.space,1651851162243301000
R,Key.space,1651851162364181000
P,'k',1651851162527812000
R,'k',1651851162631114000
P,'o',1651851162699986000
R,'o',1651851162741265000
P,'=',1651851163142592000
R,'=',1651851163207839000
P,'=',1651851163277507000
R,'=',1651851163357564000
P,Key.backspace,1651851163624468000
R,Key.backspace,1651851163691811000
P,Key.backspace,1651851163763764000
R,Key.backspace,1651851163831293000
P,Key.backspace,1651851163910491000
R,Key.backspace,1651851163986624000
P,Key.backspace,1651851164326432000
R,Key.backspace,1651851164394639000
P,'j',1651851164634896000
R,'j',1651851164712117000
P,'o',1651851164767231000
R,'o',1651851164859617000
P,'k',1651851164897652000
R,'k',1651851165007427000
P,'e',1651851165051669000
R,'e',1651851165160801000
P,"','",1651851165792497000
P,Key.space,1651851165884162000
R,"','",1651851165892096000
R,Key.space,1651851165992467000
P,'b',1651851166165677000
R,'b',1651851166237703000
P,'u',1651851166318144000
R,'u',1651851166398228000
P,'t',1651851166480552000
R,'t',1651851166548870000
P,Key.space,1651851166591401000
R,Key.space,1651851166711647000
P,'h',1651851167851623000
R,'h',1651851167931112000
P,'e',1651851167957660000
R,'e',1651851168048528000
P,Key.space,1651851168085358000
R,Key.space,1651851168181645000
P,'d',1651851168724138000
R,'d',1651851168809124000
P,'e',1651851168865490000
P,'f',1651851168977715000
R,'e',1651851168984588000
R,'f',1651851169109031000
P,'i',1651851169116870000
R,'i',1651851169207634000
P,'n',1651851169252431000
R,'n',1651851169328142000
P,'i',1651851169361846000
R,'i',1651851169458583000
P,'t',1651851169474295000
R,'t',1651851169586387000
P,'e',1651851169711244000
R,'e',1651851169824125000
P,'l',1651851170107355000
P,'y',1651851170229529000
R,'l',1651851170241133000
R,'y',1651851170309510000
P,Key.space,1651851170365406000
R,Key.space,1651851170473932000
P,'c',1651851170817632000
R,'c',1651851170917655000
P,'o',1651851170930664000
P,'u',1651851171067052000
R,'o',1651851171094175000
R,'u',1651851171147858000
P,'l',1651851171273886000
R,'l',1651851171380750000
P,'d',1651851171416415000
R,'d',1651851171496060000
P,Key.space,1651851171526193000
R,Key.space,1651851171610407000
P,'h',1651851171957352000
R,'h',1651851172020758000
P,'a',1651851172059325000
R,'a',1651851172179442000
P,'v',1651851172180852000
R,'v',1651851172251722000
P,'e',1651851172326254000
R,'e',1651851172410293000
P,Key.space,1651851172426849000
R,Key.space,1651851172547620000
P,'h',1651851173274088000
R,'h',1651851173341085000
P,'a',1651851173374232000
R,'a',1651851173474799000
P,'n',1651851173546740000
R,'n',1651851173618831000
P,'d',1651851173632408000
R,'d',1651851173761087000
P,'l',1651851173850907000
R,'l',1651851173909393000
P,'e',1651851174379303000
R,'e',1651851174467748000
P,'d',1651851174582320000
R,'d',1651851174698042000
P,Key.space,1651851174747624000
R,Key.space,1651851174875433000
P,'i',1651851175117370000
R,'i',1651851175181539000
P,'t',1651851175229470000
R,'t',1651851175307860000
P,Key.space,1651851175357527000
R,Key.space,1651851175424603000
P,'b',1651851175829486000
R,'b',1651851175913143000
P,'e',1651851175943631000
R,'e',1651851176026620000
P,'t',1651851176164443000
R,'t',1651851176228273000
P,'t',1651851176295354000
R,'t',1651851176364759000
P,'e',1651851176462690000
P,'r',1651851176551610000
R,'e',1651851176589896000
R,'r',1651851176659396000
P,'.',1651851177008134000
R,'.',1651851177090844000
P,Key.space,1651851177257196000
R,Key.space,1651851177379793000
P,Key.shift_r,1651851177445065000
P,'I',1651851177644558000
R,'I',1651851177676010000
R,Key.shift_r,1651851177849690000
P,Key.space,1651851178041092000
R,Key.space,1651851178141358000
P,'t',1651851178176854000
R,'t',1651851178252577000
P,'h',1651851178292806000
R,'h',1651851178374316000
P,'o',1651851178444122000
R,'o',1651851178563822000
P,'u',1651851178637097000
R,'u',1651851178712482000
P,'g',1651851178742199000
R,'g',1651851178841396000
P,'h',1651851178881279000
R,'h',1651851178980583000
P,'t',1651851178984353000
R,'t',1651851179060245000
P,Key.space,1651851179100532000
R,Key.space,1651851179200666000
P,'h',1651851179725338000
R,'h',1651851179796837000
P,'e',1651851179828416000
R,'e',1651851179901362000
P,Key.backspace,1651851180296092000
R,Key.backspace,1651851180380471000
P,'i',1651851180774371000
R,'i',1651851180854435000
P,'s',1651851180885273000
R,'s',1651851181001325000
P,Key.space,1651851181046387000
R,Key.space,1651851181158395000
P,'u',1651851181475980000
R,'u',1651851181544301000
P,'s',1651851181586316000
R,'s',1651851181690971000
P,'e',1651851181800243000
R,'e',1651851181880244000
P,Key.space,1651851181909869000
R,Key.space,1651851182002194000
P,'o',1651851182124112000
P,'f',1651851182224356000
R,'o',1651851182227447000
R,'f',1651851182316316000
P,Key.space,1651851182382240000
R,Key.space,1651851182482396000
P,'v',1651851182620797000
R,'v',1651851182725528000
P,'i',1651851182808106000
R,'i',1651851182909025000
P,'o',1651851182910296000
R,'o',1651851183013199000
P,'l',1651851183139965000
P,'e',1651851183227950000
R,'l',1651851183231900000
R,'e',1651851183332457000
P,'n',1651851183444067000
R,'n',1651851183516532000
P,'c',1651851183603955000
R,'c',1651851183664637000
P,'e',1651851183788332000
R,'e',1651851183879279000
P,Key.space,1651851183898265000
R,Key.space,1651851183991397000
P,'w',1651851184019450000
R,'w',1651851184131532000
P,'a',1651851184310344000
P,'s',1651851184466216000
R,'a',1651851184481296000
R,'s',1651851184607543000
P,Key.space,1651851184640255000
R,Key.space,1651851184762931000
P,'u',1651851185088248000
R,'u',1651851185157660000
P,'n',1651851185415195000
R,'n',1651851185463443000
P,'e',1651851186595419000
R,'e',1651851186676276000
P,'c',1651851187501222000
R,'c',1651851187553375000
P,'e',1651851187831212000
R,'e',1651851187899661000
P,'s',1651851188140666000
R,'s',1651851188198916000
P,'s',1651851188271284000
R,'s',1651851188347909000
P,'a',1651851188457079000
R,'a',1651851188552466000
P,'r',1651851188700500000
R,'r',1651851188774406000
P,'y',1651851188846132000
R,'y',1651851188926097000
P,'.',1651851189536930000
R,'.',1651851189590955000
P,Key.cmd,1651851209356555000
P,Key.tab,1651851209461835000
R,Key.tab,1651851209539244000
R,Key.cmd,1651851209610170000
P,Key.ctrl,1651851211795756000
P,'c',1651851211986932000
P,Key.cmd,1651851607075153000
P,Key.tab,1651851607266529000
R,Key.tab,1651851607394419000
R,Key.cmd,1651851607419593000
P,'i',1651851610845959000
R,'i',1651851610905096000
P,'n',1651851610956371000
R,'n',1651851611040779000
P,'s',1651851611106923000
R,'s',1651851611230650000
P,'t',1651851611242721000
R,'t',1651851611313931000
P,'a',1651851611397494000
R,'a',1651851611433233000
P,'g',1651851611508636000
R,'g',1651851611579745000
P,'r',1651851611656171000
R,'r',1651851611748919000
P,'a',1651851611898580000
R,'a',1651851611990826000
P,'m',1651851613073705000
R,'m',1651851613133526000
P,'.',1651851613562378000
R,'.',1651851613661085000
P,'c',1651851613834280000
P,'o',1651851613882015000
R,'c',1651851613917054000
R,'o',1651851613958411000
P,'m',1651851614000470000
R,'m',1651851614108950000
P,Key.enter,1651851614350203000
R,Key.enter,1651851614438353000
P,Key.shift_r,1651851642176263000
P,'I',1651851642355880000
R,'I',1651851642462032000
R,Key.shift_r,1651851642480794000
P,Key.space,1651851642668559000
R,Key.space,1651851642768625000
P,'a',1651851642826782000
R,'a',1651851642954853000
P,'g',1651851642979138000
R,'g',1651851643050605000
P,'r',1651851643136077000
R,'r',1651851643277103000
P,'e',1651851643559902000
R,'e',1651851643603341000
P,'e',1651851643693888000
R,'e',1651851643789684000
P,Key.space,1651851643953636000
R,Key.space,1651851644053786000
P,'t',1651851644193208000
R,'t',1651851644310117000
P,'h',1651851644351600000
P,'a',1651851644444247000
R,'h',1651851644445263000
R,'a',1651851644551863000
P,'t',1651851644663502000
R,'t',1651851644755654000
P,Key.space,1651851644768549000
R,Key.space,1651851644877695000
P,Key.shift_r,1651851646376508000
P,'P',1651851646556507000
R,Key.shift_r,1651851646603397000
R,'p',1651851646688441000
P,'u',1651851646813469000
R,'u',1651851646893674000
P,'t',1651851646954123000
R,'t',1651851647054153000
P,'i',1651851647059675000
R,'i',1651851647162585000
P,'n',1651851647211123000
R,'n',1651851647309763000
P,Key.space,1651851647456853000
R,Key.space,1651851647553457000
P,'s',1651851647865199000
P,'h',1651851647953344000
R,'s',1651851647968200000
R,'h',1651851648061556000
P,'o',1651851648095568000
P,'u',1651851648231780000
R,'o',1651851648247489000
R,'u',1651851648316402000
P,'l',1651851648748367000
R,'l',1651851648860777000
P,'d',1651851648912468000
R,'d',1651851649010390000
P,Key.space,1651851649033118000
R,Key.space,1651851649153555000
P,'n',1651851650065343000
R,'n',1651851650177478000
P,'o',1651851650244962000
R,'o',1651851650359654000
P,'t',1651851650390116000
R,'t',1651851650445792000
P,Key.space,1651851650520369000
R,Key.space,1651851650611749000
P,'b',1651851651609993000
R,'b',1651851651697417000
P,'e',1651851651720118000
R,'e',1651851651832272000
P,Key.space,1651851651846017000
R,Key.space,1651851651966111000
P,'i',1651851652353573000
R,'i',1651851652409460000
P,'n',1651851652450505000
R,'n',1651851652562268000
P,Key.space,1651851652677453000
R,Key.space,1651851652766241000
P,'p',1651851652910063000
P,'o',1651851653000514000
R,'p',1651851653025568000
R,'o',1651851653100432000
P,'w',1651851653112476000
R,'w',1651851653212976000
P,'e',1651851653332374000
P,'r',1651851653410893000
R,'e',1651851653443666000
R,'r',1651851653528963000
P,"','",1651851653943065000
P,Key.space,1651851654050068000
R,"','",1651851654054265000
R,Key.space,1651851654155226000
P,'b',1651851654310961000
R,'b',1651851654395471000
P,'u',1651851654462473000
R,'u',1651851654534524000
P,'t',1651851654589252000
R,'t',1651851654674017000
P,Key.space,1651851654677395000
R,Key.space,1651851654753298000
P,'t',1651851655481347000
R,'t',1651851655564943000
P,'h',1651851655568984000
R,'h',1651851655661065000
P,'o',1651851655759963000
R,'o',1651851655880047000
P,'s',1651851655887695000
R,'s',1651851655999351000
P,'e',1651851656095779000
R,'e',1651851656184283000
P,Key.space,1651851656197059000
R,Key.space,1651851656290404000
P,'a',1651851656409644000
R,'a',1651851656435217000
P,'r',1651851656564095000
P,'e',1651851656679540000
R,'r',1651851656698680000
P,Key.space,1651851656768042000
R,'e',1651851656782987000
R,Key.space,1651851656888018000
P,'s',1651851658400310000
R,'s',1651851658444208000
P,'t',1651851659009886000
P,'r',1651851659126769000
R,'t',1651851659150589000
R,'r',1651851659244161000
P,'o',1651851659343073000
R,'o',1651851659433208000
P,'n',1651851659504639000
R,'n',1651851659604686000
P,'g',1651851659615739000
R,'g',1651851659710573000
P,Key.space,1651851659738585000
R,Key.space,1651851659842533000
P,'w',1651851660138852000
R,'w',1651851660202785000
P,'o',1651851660446033000
R,'o',1651851660565514000
P,'r',1651851660743998000
R,'r',1651851660827992000
P,'d',1651851661118223000
R,'d',1651851661266771000
P,'s',1651851661276191000
R,'s',1651851661379155000
P,Key.space,1651851661436823000
R,Key.space,1651851661542974000
P,'f',1651851661799101000
P,'o',1651851661911563000
R,'f',1651851661914946000
R,'o',1651851661993401000
P,'r',1651851662019713000
R,'r',1651851662127804000
P,Key.space,1651851662147150000
P,'t',1651851662226707000
R,Key.space,1651851662234674000
R,'t',1651851662323555000
P,'h',1651851662331028000
R,'h',1651851662426500000
P,'e',1651851662434785000
R,'e',1651851662520043000
P,Key.space,1651851662536237000
R,Key.space,1651851662628485000
P,'p',1651851662950504000
R,'p',1651851663026608000
P,'r',1651851663055896000
P,'e',1651851663179360000
R,'r',1651851663194614000
R,'e',1651851663287802000
P,'s',1651851663419749000
R,'s',1651851663509976000
P,'i',1651851663529971000
R,'i',1651851663607004000
P,'d',1651851663676780000
R,'d',1651851663787967000
P,'e',1651851663877666000
R,'e',1651851663982008000
P,'n',1651851664073087000
R,'n',1651851664169223000
P,'t',1651851664217799000
R,'t',1651851664310691000
P,Key.space,1651851664355515000
R,Key.space,1651851664459850000
P,'t',1651851664893156000
R,'t',1651851664970977000
P,'o',1651851665003949000
R,'o',1651851665132426000
P,Key.space,1651851665266700000
R,Key.space,1651851665370729000
P,'b',1651851665679896000
R,'b',1651851665744803000
P,'e',1651851666367534000
R,'e',1651851666451753000
P,Key.space,1651851666479581000
R,Key.space,1651851666583869000
P,'s',1651851666811359000
R,'s',1651851666911702000
P,'a',1651851666973497000
R,'a',1651851667105148000
P,'y',1651851667143642000
R,'y',1651851667185908000
P,'i',1651851667696860000
R,'i',1651851667761827000
P,'n',1651851667833828000
R,'n',1651851667926987000
P,'g',1651851667960301000
R,'g',1651851668049262000
P,Key.space,1651851668073570000
R,Key.space,1651851668153794000
P,'r',1651851668615009000
R,'r',1651851668695275000
P,'i',1651851668782803000
R,'i',1651851668859238000
P,'g',1651851668912401000
P,'h',1651851668996572000
R,'g',1651851669003603000
R,'h',1651851669064013000
P,'t',1651851669138180000
R,'t',1651851669206565000
P,Key.space,1651851669228717000
R,Key.space,1651851669327017000
P,'n',1651851669435593000
R,'n',1651851669536359000
P,'o',1651851669620392000
P,'w',1651851669721520000
R,'o',1651851669732954000
R,'w',1651851669828988000
P,'.',1651851670234939000
R,'.',1651851670299875000
P,Key.space,1651851670396292000
R,Key.space,1651851670509566000
P,Key.shift_r,1651851670567325000
P,'I',1651851670715498000
R,Key.shift_r,1651851670783545000
R,'i',1651851670815910000
P,Key.space,1651851670986558000
R,Key.space,1651851671045557000
P,'a',1651851671127224000
R,'a',1651851671241695000
P,'m',1651851671244034000
R,'m',1651851671365988000
P,Key.space,1651851671392151000
R,Key.space,1651851671502635000
P,'j',1651851672104071000
R,'j',1651851672193829000
P,'u',1651851672244690000
R,'u',1651851672326837000
P,'s',1651851672346503000
R,'s',1651851672459717000
P,'t',1651851672552644000
R,'t',1651851672645396000
P,Key.space,1651851672661246000
R,Key.space,1651851672777572000
P,'c',1651851672882528000
R,'c',1651851672966161000
P,'o',1651851673009019000
R,'o',1651851673097162000
P,'n',1651851673128102000
R,'n',1651851673249559000
P,'c',1651851673256823000
R,'c',1651851673342010000
P,'e',1651851673449648000
P,'r',1651851673544916000
R,'e',1651851673605380000
R,'r',1651851673665768000
P,'n',1651851673684996000
R,'n',1651851673773175000
P,'e',1651851673777266000
R,'e',1651851673877677000
P,'d',1651851673976833000
P,Key.space,1651851674038743000
R,'d',1651851674045589000
R,Key.space,1651851674151799000
P,'t',1651851674166171000
P,'h',1651851674243528000
R,'t',1651851674260941000
R,'h',1651851674329678000
P,'a',1651851674410549000
R,'a',1651851674481619000
P,'t',1651851674580012000
R,'t',1651851674668758000
P,Key.space,1651851674683118000
R,Key.space,1651851674803780000
P,'h',1651851679486271000
R,'h',1651851679549738000
P,'e',1651851679589180000
R,'e',1651851679677520000
P,Key.space,1651851679716889000
R,Key.space,1651851679817155000
P,'m',1651851680476176000
R,'m',1651851680579481000
P,'a',1651851680650952000
R,'a',1651851680743467000
P,'y',1651851680804188000
R,'y',1651851680880848000
P,Key.space,1651851680987282000
R,Key.space,1651851681087473000
P,'b',1651851682282117000
R,'b',1651851682338779000
P,'e',1651851682399563000
R,'e',1651851682488079000
P,Key.space,1651851682533428000
R,Key.space,1651851682644115000
P,'b',1651851683279112000
P,'r',1651851683366964000
R,'b',1651851683370806000
R,'r',1651851683459764000
P,'i',1651851683515414000
R,'i',1651851683588431000
P,'n',1651851683643623000
P,'g',1651851683745361000
R,'n',1651851683746306000
R,'g',1651851683826450000
P,'i',1651851683873145000
R,'i',1651851683932308000
P,'n',1651851683972275000
R,'n',1651851684076550000
P,'g',1651851684122977000
R,'g',1651851684227378000
P,Key.space,1651851684384056000
R,Key.space,1651851684493108000
P,'u',1651851684777296000
R,'u',1651851684859301000
P,'s',1651851684911187000
P,Key.space,1651851685004050000
R,'s',1651851685009203000
R,Key.space,1651851685095453000
P,'i',1651851685242852000
R,'i',1651851685301331000
P,'n',1651851685335431000
R,'n',1651851685460492000
P,'t',1651851685485990000
R,'t',1651851685590300000
P,'o',1651851685593892000
R,'o',1651851685730076000
P,Key.space,1651851685819990000
R,Key.space,1651851685916202000
P,'a',1651851686020008000
R,'a',1651851686088159000
P,Key.space,1651851686120328000
R,Key.space,1651851686226143000
P,'c',1651851686926394000
P,'o',1651851687027661000
R,'c',1651851687028250000
R,'o',1651851687088235000
P,'f',1651851687284317000
R,'f',1651851687388241000
P,Key.backspace,1651851688176949000
R,Key.backspace,1651851688256579000
P,'n',1651851688559630000
R,'n',1651851688667196000
P,'f',1651851688735140000
R,'f',1651851688852265000
P,'l',1651851688872764000
R,'l',1651851688969130000
P,'i',1651851689089287000
R,'i',1651851689160957000
P,'c',1651851689577570000
R,'c',1651851689677753000
P,'t',1651851689848282000
R,'t',1651851689920369000
P,Key.space,1651851689965208000
R,Key.space,1651851690066067000
P,'w',1651851690332699000
P,'e',1651851690480815000
R,'w',1651851690495925000
R,'e',1651851690577249000
P,Key.space,1651851690626675000
R,Key.space,1651851690737921000
P,'d',1651851691061662000
R,'d',1651851691161684000
P,'o',1651851691169734000
R,'o',1651851691243243000
P,'n',1651851691280024000
R,'n',1651851691371950000
P,"""'""",1651851691910199000
R,"""'""",1651851691981294000
P,'t',1651851692076831000
R,'t',1651851692136511000
P,Key.space,1651851692200120000
R,Key.space,1651851692312451000
P,'w',1651851692748791000
R,'w',1651851692860795000
P,'a',1651851692980764000
R,'a',1651851693080980000
P,'n',1651851693116797000
R,'n',1651851693209014000
P,'t',1651851693227166000
R,'t',1651851693316033000
P,Key.space,1651851693342879000
R,Key.space,1651851693443026000
P,'t',1651851693819932000
R,'t',1651851693895289000
P,'o',1651851693909045000
R,'o',1651851694002011000
P,Key.space,1651851694138808000
R,Key.space,1651851694247316000
P,'b',1651851695131911000
R,'b',1651851695209702000
P,'e',1651851695229797000
R,'e',1651851695345349000
P,Key.space,1651851697096523000
R,Key.space,1651851697212367000
P,'g',1651851697254086000
R,'g',1651851697356710000
P,'e',1651851697467699000
R,'e',1651851697611222000
P,'t',1651851697711452000
R,'t',1651851697784104000
P,'t',1651851697866570000
R,'t',1651851697946740000
P,'i',1651851697960911000
R,'i',1651851698033736000
P,'n',1651851698092929000
R,'n',1651851698188707000
P,'g',1651851698211087000
R,'g',1651851698303851000
P,Key.space,1651851698315184000
R,Key.space,1651851698395580000
P,'i',1651851698519452000
R,'i',1651851698587735000
P,'n',1651851698611105000
R,'n',1651851698728236000
P,'t',1651851698734629000
R,'t',1651851698820067000
P,'o',1651851698832778000
R,'o',1651851698965911000
P,Key.space,1651851699060038000
R,Key.space,1651851699147921000
P,'r',1651851699228878000
R,'r',1651851699332217000
P,'i',1651851699347202000
R,'i',1651851699435877000
P,'g',1651851699495545000
R,'g',1651851699595147000
P,'h',1651851699613948000
R,'h',1651851699678935000
P,'t',1651851699719692000
R,'t',1651851699799537000
P,Key.space,1651851699806802000
R,Key.space,1651851699919693000
P,'n',1651851700315522000
R,'n',1651851700409246000
P,'o',1651851700495674000
P,'w',1651851700583543000
R,'o',1651851700602737000
R,'w',1651851700695204000
P,'.',1651851701217400000
R,'.',1651851701276105000
P,Key.cmd,1651851714063804000
P,Key.tab,1651851714187794000
R,Key.cmd,1651851714279849000
R,Key.tab,1651851714303395000
P,Key.ctrl,1651851716777969000
P,'c',1651851716994070000
P,Key.cmd,1651851981284136000
P,Key.tab,1651851981458714000
R,Key.tab,1651851981580533000
R,Key.cmd,1651851981605119000
P,'i',1651851989201775000
R,'i',1651851989269580000
P,'n',1651851989297057000
P,'s',1651851989421289000
R,'n',1651851989429282000
R,'s',1651851989557485000
P,'t',1651851989627156000
R,'t',1651851989699698000
P,'a',1651851989729061000
R,'a',1651851989837453000
P,'g',1651851989899043000
R,'g',1651851989987692000
P,'r',1651851990054077000
R,'r',1651851990150302000
P,'a',1651851992164088000
R,'a',1651851992284047000
P,'m',1651851992292115000
R,'m',1651851992392435000
P,'.',1651851992724389000
R,'.',1651851992804470000
P,'c',1651851992972094000
P,'o',1651851993052910000
R,'c',1651851993072279000
R,'o',1651851993132417000
P,'m',1651851993181084000
R,'m',1651851993317473000
P,Key.enter,1651851993696534000
R,Key.enter,1651851993776419000
P,Key.shift_r,1651852030625435000
P,'I',1651852030806361000
R,Key.shift_r,1651852030845103000
R,'i',1651852030901915000
P,'t',1651852031039472000
R,'t',1651852031074270000
P,Key.space,1651852031147416000
R,Key.space,1651852031243125000
P,'w',1651852031295325000
R,'w',1651852031415691000
P,'a',1651852031568409000
P,'s',1651852031606955000
R,'a',1651852031630883000
P,Key.space,1651852031740877000
R,'s',1651852031751184000
R,Key.space,1651852031876353000
P,'i',1651852032094059000
R,'i',1651852032163450000
P,'n',1651852032223931000
R,'n',1651852032323286000
P,'s',1651852033007002000
R,'s',1651852033074847000
P,'p',1651852033124384000
R,'p',1651852033251394000
P,'i',1651852033560217000
R,'i',1651852033635805000
P,'r',1651852033643418000
R,'r',1651852033760321000
P,'i',1651852033807435000
R,'i',1651852033899621000
P,'n',1651852033979849000
R,'n',1651852034091596000
P,'g',1651852034132290000
R,'g',1651852034231091000
P,Key.space,1651852034252858000
R,Key.space,1651852034345226000
P,'h',1651852034500176000
R,'h',1651852034607613000
P,'o',1651852034660443000
P,'w',1651852034790476000
R,'o',1651852034792594000
R,'w',1651852034896916000
P,Key.space,1651852034934068000
R,Key.space,1651852035033957000
P,'t',1651852035040005000
R,'t',1651852035140351000
P,'h',1651852035153177000
R,'h',1651852035233393000
P,'e',1651852035284456000
R,'e',1651852035391268000
P,Key.space,1651852035394421000
R,Key.space,1651852035523258000
P,'t',1651852035608208000
R,'t',1651852035716424000
P,'e',1651852035807057000
R,'e',1651852035886848000
P,'a',1651852036023571000
P,'m',1651852036146420000
R,'a',1651852036149741000
R,'m',1651852036283046000
P,Key.space,1651852036284410000
R,Key.space,1651852036379805000
P,'c',1651852036653849000
R,'c',1651852036749847000
P,'a',1651852036840382000
R,'a',1651852036949542000
P,'m',1651852036975895000
P,'e',1651852037092263000
R,'m',1651852037093317000
R,'e',1651852037212583000
P,Key.space,1651852037300048000
R,Key.space,1651852037385464000
P,'t',1651852037667106000
R,'t',1651852037727428000
P,'o',1651852037746418000
R,'o',1651852037826884000
P,'g',1651852038266027000
R,'g',1651852038334250000
P,'e',1651852038347033000
R,'e',1651852038447829000
P,'t',1651852038569410000
R,'t',1651852038652650000
P,'h',1651852038685967000
R,'h',1651852038766261000
P,'e',1651852038806688000
P,'r',1651852038923380000
R,'e',1651852038951676000
R,'r',1651852039013195000
P,Key.space,1651852039073496000
R,Key.space,1651852039190464000
P,'a',1651852039249213000
R,'a',1651852039354114000
P,'n',1651852039357692000
R,'n',1651852039478274000
P,'d',1651852039520174000
R,'d',1651852039606783000
P,Key.space,1651852039684989000
R,Key.space,1651852039796329000
P,'r',1651852040813100000
P,'e',1651852040912729000
R,'r',1651852040973879000
R,'e',1651852041032098000
P,'a',1651852041198086000
R,'a',1651852041258167000
P,'l',1651852041307982000
R,'l',1651852041424250000
P,'i',1651852041502829000
R,'i',1651852041591218000
P,'z',1651852041727060000
R,'z',1651852041795266000
P,'e',1651852041962388000
R,'e',1651852042040283000
P,'d',1651852042134874000
R,'d',1651852042241315000
P,Key.space,1651852042262405000
R,Key.space,1651852042381302000
P,'h',1651852042595972000
R,'h',1651852042689931000
P,'o',1651852042764281000
P,'w',1651852042875349000
R,'o',1651852042887055000
R,'w',1651852042976335000
P,Key.space,1651852043031045000
R,Key.space,1651852043130981000
P,'i',1651852043294039000
R,'i',1651852043361473000
P,'m',1651852043496577000
R,'m',1651852043526868000
P,'p',1651852043664031000
P,'o',1651852043752993000
R,'p',1651852043788808000
R,'o',1651852043864903000
P,'r',1651852043868896000
P,'t',1651852043992667000
R,'r',1651852044037034000
R,'t',1651852044108843000
P,'n',1651852044359983000
R,'n',1651852044451795000
P,'t',1651852044486857000
R,'t',1651852044550371000
P,Key.space,1651852044627001000
R,Key.space,1651852044743552000
P,'f',1651852045548851000
R,'f',1651852045640812000
P,'o',1651852045659589000
R,'o',1651852045747558000
P,'r',1651852045779069000
P,Key.space,1651852045907221000
R,'r',1651852045910285000
P,'t',1651852045998855000
R,Key.space,1651852046002905000
R,'t',1651852046095218000
P,'h',1651852046110370000
R,'h',1651852046207896000
P,'e',1651852046223653000
R,'e',1651852046316025000
P,Key.backspace,1651852046823435000
R,Key.backspace,1651852046906920000
P,Key.backspace,1651852046981821000
R,Key.backspace,1651852047049507000
P,Key.backspace,1651852047129003000
R,Key.backspace,1651852047197035000
P,Key.backspace,1651852047275728000
R,Key.backspace,1651852047347904000
P,Key.backspace,1651852047429702000
R,Key.backspace,1651852047489769000
P,Key.backspace,1651852047580937000
R,Key.backspace,1651852047635953000
P,Key.backspace,1651852047715330000
R,Key.backspace,1651852047791609000
P,'i',1651852048273564000
R,'i',1651852048341332000
P,'t',1651852048370878000
R,'t',1651852048478964000
P,Key.space,1651852048543927000
P,'w',1651852048643562000
R,Key.space,1651852048643948000
R,'w',1651852048766255000
P,'a',1651852048873869000
P,'s',1651852048981722000
R,'a',1651852049012520000
P,Key.space,1651852049074728000
R,'s',1651852049116771000
R,Key.space,1651852049182108000
P,'f',1651852049294322000
R,'f',1651852049414779000
P,'o',1651852049423533000
R,'o',1651852049507373000
P,'r',1651852049526422000
R,'r',1651852049633904000
P,Key.space,1651852049674568000
P,'t',1651852049749863000
R,Key.space,1651852049769377000
R,'t',1651852049857074000
P,'h',1651852049878995000
R,'h',1651852049973569000
P,'e',1651852049978801000
R,'e',1651852050068043000
P,'m',1651852050157599000
R,'m',1651852050286095000
P,Key.space,1651852050325488000
R,Key.space,1651852050413737000
P,'t',1651852051064475000
R,'t',1651852051134448000
P,'o',1651852051135961000
R,'o',1651852051216806000
P,Key.space,1651852051357529000
R,Key.space,1651852051440289000
P,'p',1651852053775616000
R,'p',1651852053844651000
P,'e',1651852053891224000
P,'r',1651852053981550000
R,'e',1651852054069574000
R,'r',1651852054101724000
P,'f',1651852054709871000
R,'f',1651852054798278000
P,'o',1651852054823792000
R,'o',1651852054895978000
P,'r',1651852055209696000
R,'r',1651852055297849000
P,'m',1651852055362604000
P,'n',1651852055381838000
R,'n',1651852055417709000
R,'m',1651852055490595000
P,Key.space,1651852055497389000
R,Key.space,1651852055593310000
P,'w',1651852056491401000
R,'w',1651852056595616000
P,'e',1651852056829532000
R,'e',1651852056940459000
P,'l',1651852056980910000
R,'l',1651852057057566000
P,'l',1651852057119731000
R,'l',1651852057204100000
P,Key.space,1651852057356982000
R,Key.space,1651852057432669000
P,'i',1651852057703551000
R,'i',1651852057763283000
P,'n',1651852057806231000
R,'n',1651852057910472000
P,Key.space,1651852058034615000
R,Key.space,1651852058118867000
P,'s',1651852058181780000
R,'s',1651852058298663000
P,'c',1651852058440188000
R,'c',1651852058511436000
P,'h',1651852058525351000
R,'h',1651852058617622000
P,'o',1651852058798517000
R,'o',1651852058866585000
P,'o',1651852058935552000
R,'o',1651852059007983000
P,'l',1651852059206770000
R,'l',1651852059289612000
P,Key.space,1651852059444539000
R,Key.space,1651852059547748000
P,'a',1651852059590152000
R,'a',1651852059690846000
P,'n',1651852059720746000
R,'n',1651852059799782000
P,Key.space,1651852059917132000
R,Key.space,1651852060040008000
P,Key.backspace,1651852060990187000
R,Key.backspace,1651852061069756000
P,'d',1651852061148510000
R,'d',1651852061229607000
P,Key.space,1651852061348733000
R,Key.space,1651852061457736000
P,'n',1651852061583564000
R,'n',1651852061675634000
P,'o',1651852061773540000
R,'o',1651852061891683000
P,'t',1651852061946096000
R,'t',1651852062030533000
P,Key.space,1651852062041866000
R,Key.space,1651852062126070000
P,'j',1651852062540178000
R,'j',1651852062631648000
P,'u',1651852062730067000
R,'u',1651852062790640000
P,'s',1651852062807608000
R,'s',1651852062915658000
P,'t',1651852063047931000
R,'t',1651852063125611000
P,Key.space,1651852063152311000
R,Key.space,1651852063263373000
P,'i',1651852063392002000
R,'i',1651852063447754000
P,'n',1651852063497930000
R,'n',1651852063607008000
P,Key.space,1651852063732453000
R,Key.space,1651852063841695000
P,'b',1651852063989582000
R,'b',1651852064057494000
P,'a',1651852064093089000
R,'a',1651852064223836000
P,'s',1651852064309135000
R,'s',1651852064429281000
P,'k',1651852064477138000
R,'k',1651852064545340000
P,'e',1651852064602187000
R,'e',1651852064740929000
P,'t',1651852064814025000
R,'t',1651852064930286000
P,'b',1651852065090229000
R,'b',1651852065174241000
P,'a',1651852065202308000
R,'a',1651852065314652000
P,'l',1651852065542732000
R,'l',1651852065603614000
P,'l',1651852065696472000
R,'l',1651852065757442000
P,'.',1651852066211351000
R,'.',1651852066263537000
P,Key.cmd,1651852079739780000
P,Key.tab,1651852079956573000
R,Key.cmd,1651852080057833000
R,Key.tab,1651852080068016000
P,Key.ctrl,1651852081690449000
P,'c',1651852081875824000
P,Key.cmd,1651852282227570000
P,Key.tab,1651852282507067000
R,Key.tab,1651852282570784000
R,Key.cmd,1651852282647460000
P,'i',1651852285594352000
R,'i',1651852285657344000
P,'n',1651852285693112000
R,'n',1651852285814187000
P,'s',1651852285848150000
R,'s',1651852285979938000
P,'t',1651852285987787000
R,'t',1651852286051356000
P,'a',1651852286113027000
R,'a',1651852286195693000
P,'g',1651852286208174000
R,'g',1651852286276347000
P,'r',1651852286334252000
R,'r',1651852286434345000
P,'a',1651852286539814000
R,'a',1651852286664153000
P,'m',1651852286684028000
R,'m',1651852286752690000
P,'.',1651852287234945000
R,'.',1651852287295059000
P,'c',1651852287482901000
P,'o',1651852287563277000
R,'c',1651852287581741000
R,'o',1651852287622274000
P,'m',1651852287680690000
R,'m',1651852287776987000
P,Key.enter,1651852288039762000
R,Key.enter,1651852288090979000
P,Key.shift_r,1651852329354007000
P,'I',1651852329471314000
R,Key.shift_r,1651852329518110000
R,'i',1651852329563542000
P,Key.space,1651852329749420000
R,Key.space,1651852329849698000
P,'t',1651852329916288000
R,'t',1651852329991868000
P,'h',1651852330056423000
R,'h',1651852330111733000
P,Key.backspace,1651852330529250000
R,Key.backspace,1651852330605576000
P,Key.backspace,1651852330685614000
R,Key.backspace,1651852330750696000
P,Key.backspace,1651852330835088000
R,Key.backspace,1651852330898963000
P,Key.backspace,1651852330994646000
R,Key.backspace,1651852331070788000
P,Key.shift_r,1651852331724328000
P,'I',1651852331883188000
R,Key.shift_r,1651852331922613000
R,'i',1651852331971503000
P,Key.space,1651852332144507000
R,Key.space,1651852332244435000
P,'u',1651852332367294000
R,'u',1651852332434317000
P,'n',1651852332524396000
R,'n',1651852332631752000
P,'d',1651852332691409000
R,'d',1651852332796892000
P,'e',1651852332907306000
P,'r',1651852333007251000
R,'e',1651852333083013000
R,'r',1651852333131815000
P,'d',1651852333264148000
R,'d',1651852333360631000
P,'a',1651852333507302000
R,'a',1651852333606597000
P,'t',1651852333636660000
R,'t',1651852333709267000
P,Key.backspace,1651852334170429000
R,Key.backspace,1651852334242513000
P,Key.backspace,1651852334323675000
R,Key.backspace,1651852334374254000
P,Key.backspace,1651852334444655000
R,Key.backspace,1651852334525321000
P,'s',1651852335032336000
R,'s',1651852335148009000
P,'t',1651852335166545000
R,'t',1651852335237362000
P,'a',1651852335278942000
R,'a',1651852335367692000
P,'n',1651852335454187000
P,'d',1651852335554214000
R,'n',1651852335557415000
R,'d',1651852335666299000
P,Key.space,1651852335667543000
R,Key.space,1651852335758329000
P,'w',1651852335831200000
R,'w',1651852335931665000
P,'h',1651852335947355000
R,'h',1651852336064114000
P,'y',1651852336087825000
R,'y',1651852336192172000
P,Key.space,1651852336328284000
R,Key.space,1651852336452340000
P,Key.shift_r,1651852338067134000
P,'W',1651852338231084000
R,'W',1651852338327007000
R,Key.shift_r,1651852338350761000
P,'i',1651852338485111000
R,'i',1651852338557510000
P,'l',1651852338807320000
R,'l',1651852338857673000
P,'l',1651852338950641000
R,'l',1651852339043279000
P,Key.space,1651852339183050000
R,Key.space,1651852339258495000
P,Key.shift_r,1651852339434214000
P,'S',1651852339598069000
R,Key.shift_r,1651852339649521000
R,'s',1651852339690581000
P,'m',1651852339744372000
R,'m',1651852339845074000
P,'i',1651852339959090000
R,'i',1651852340036314000
P,'t',1651852340093922000
R,'t',1651852340162291000
P,'h',1651852340178439000
R,'h',1651852340263030000
P,Key.space,1651852340725618000
R,Key.space,1651852340823976000
P,'w',1651852341888153000
R,'w',1651852341988039000
P,'a',1651852342128096000
P,'s',1651852342299932000
R,'a',1651852342311040000
R,'s',1651852342415816000
P,Key.space,1651852343161933000
R,Key.space,1651852343240647000
P,'u',1651852343597918000
R,'u',1651852343665802000
P,'p',1651852343814714000
R,'p',1651852343911272000
P,'s',1651852343943570000
R,'s',1651852344028222000
P,'e',1651852344154243000
R,'e',1651852344269476000
P,Key.space,1651852344434020000
R,Key.space,1651852344534359000
P,Key.backspace,1651852345070754000
R,Key.backspace,1651852345141182000
P,Key.backspace,1651852345198583000
R,Key.backspace,1651852345259008000
P,'t',1651852345291647000
R,'t',1651852345351870000
P,Key.space,1651852345483944000
R,Key.space,1651852345599953000
P,Key.backspace,1651852345951387000
R,Key.backspace,1651852346023875000
P,Key.backspace,1651852346098683000
R,Key.backspace,1651852346158749000
P,'e',1651852346356880000
P,'t',1651852346477820000
R,'e',1651852346508931000
R,'t',1651852346582243000
P,Key.space,1651852346660845000
R,Key.space,1651852346764983000
P,'w',1651852347024985000
P,'i',1651852347141844000
R,'w',1651852347142831000
R,'i',1651852347221261000
P,'t',1651852347923839000
R,'t',1651852348010151000
P,'h',1651852348033242000
R,'h',1651852348124001000
P,Key.space,1651852348186326000
R,Key.space,1651852348283674000
P,Key.shift_r,1651852348580880000
P,'C',1651852348724638000
R,Key.shift_r,1651852348792504000
R,'c',1651852348849001000
P,'h',1651852348942656000
R,'h',1651852349018920000
P,'i',1651852349097475000
R,'i',1651852349209425000
P,'r',1651852349223876000
R,'r',1651852349318133000
P,'s',1651852349451045000
R,'s',1651852349549835000
P,Key.space,1651852349561843000
R,Key.space,1651852349676190000
P,Key.shift_r,1651852350068859000
P,'R',1651852350208420000
R,Key.shift_r,1651852350260434000
R,'r',1651852350276697000
P,'o',1651852350395000000
R,'o',1651852350465977000
P,'c',1651852350548023000
R,'c',1651852350627737000
P,'k',1651852350631618000
R,'k',1651852350707490000
P,"""'""",1651852351235666000
R,"""'""",1651852351315317000
P,'s',1651852351345121000
R,'s',1651852351413238000
P,Key.space,1651852351476745000
R,Key.space,1651852351600035000
P,'j',1651852351917781000
R,'j',1651852351985988000
P,'o',1651852352049884000
R,'o',1651852352134864000
P,'k',1651852352151871000
R,'k',1651852352252913000
P,'e',1651852352301772000
R,'e',1651852352409464000
P,"','",1651852353277633000
R,"','",1651852353369583000
P,Key.space,1651852353374577000
R,Key.space,1651852353497432000
P,'b',1651852353646599000
R,'b',1651852353715828000
P,'u',1651852353810719000
R,'u',1651852353890704000
P,'t',1651852353948749000
R,'t',1651852354025699000
P,Key.space,1651852354066466000
R,Key.space,1651852354158585000
P,'h',1651852354691571000
R,'h',1651852354761645000
P,'e',1651852354793071000
R,'e',1651852354884965000
P,Key.space,1651852354913333000
R,Key.space,1651852355007461000
P,'d',1651852355170732000
R,'d',1651852355246276000
P,'e',1651852355373925000
R,'e',1651852355469517000
P,'f',1651852355586437000
R,'f',1651852355690413000
P,'i',1651852355694196000
R,'i',1651852355749942000
P,'n',1651852355811092000
R,'n',1651852355903726000
P,'i',1651852355959524000
R,'i',1651852356043924000
P,'t',1651852356090869000
R,'t',1651852356192683000
P,'e',1651852356310641000
R,'e',1651852356417953000
P,'l',1651852356540940000
R,'l',1651852356630971000
P,Key.space,1651852356827428000
R,Key.space,1651852356906801000
P,Key.backspace,1651852357271218000
R,Key.backspace,1651852357345478000
P,Key.space,1651852357742448000
R,Key.space,1651852357833906000
P,'c',1651852358140859000
R,'c',1651852358232097000
P,'o',1651852358257312000
R,'o',1651852358387897000
P,'u',1651852358425402000
R,'u',1651852358513579000
P,'l',1651852358626057000
R,'l',1651852358761501000
P,'d',1651852358774824000
R,'d',1651852358878014000
P,"""'""",1651852360940551000
R,"""'""",1651852361008610000
P,'v',1651852361551268000
P,'e',1651852361625171000
R,'v',1651852361627159000
R,'e',1651852361699849000
P,Key.space,1651852361750254000
R,Key.space,1651852361840721000
P,'h',1651852362445608000
R,'h',1651852362515165000
P,'a',1651852362568311000
R,'a',1651852362684744000
P,'d',1651852362823572000
R,'d',1651852362920505000
P,'n',1651852362968328000
R,'n',1651852363036197000
P,Key.backspace,1651852363725068000
R,Key.backspace,1651852363785392000
P,Key.backspace,1651852363868225000
R,Key.backspace,1651852363924486000
P,'n',1651852364165323000
R,'n',1651852364245376000
P,'d',1651852364265526000
R,'d',1651852364374015000
P,'e',1651852364483218000
R,'e',1651852364579457000
P,Key.backspace,1651852365015275000
R,Key.backspace,1651852365111665000
P,'l',1651852365442069000
R,'l',1651852365498183000
P,'e',1651852365501922000
R,'e',1651852365602747000
P,'d',1651852365836276000
R,'d',1651852365941078000
P,Key.space,1651852366059347000
R,Key.space,1651852366160644000
P,'i',1651852366447410000
R,'i',1651852366524196000
P,'t',1651852366571262000
R,'t',1651852366671521000
P,Key.space,1651852366674703000
R,Key.space,1651852366731203000
P,'b',1651852366857629000
R,'b',1651852366921077000
P,'e',1651852366929059000
R,'e',1651852367053518000
P,'t',1651852367173923000
R,'t',1651852367232311000
P,'t',1651852367321270000
R,'t',1651852367392992000
P,'w',1651852367527169000
P,'e',1651852367630341000
R,'w',1651852367677998000
R,'e',1651852367751143000
P,Key.backspace,1651852368177972000
R,Key.backspace,1651852368254468000
P,Key.backspace,1651852368315171000
P,'e',1651852368383145000
R,Key.backspace,1651852368390944000
R,'e',1651852368559168000
P,'r',1651852369003359000
R,'r',1651852369124445000
P,'.',1651852370001054000
R,'.',1651852370061665000
P,Key.space,1651852370164147000
R,Key.space,1651852370284533000
P,Key.shift_r,1651852370464353000
P,'I',1651852370625818000
R,'I',1651852370715464000
R,Key.shift_r,1651852370747730000
P,Key.backspace,1651852372668939000
R,Key.backspace,1651852372768965000
P,Key.shift_r,1651852373424027000
P,'H',1651852373603137000
R,Key.shift_r,1651852373645739000
R,'h',1651852373699599000
P,'i',1651852373774176000
R,'i',1651852373842152000
P,'s',1651852373943847000
R,'s',1651852374008004000
P,Key.space,1651852374015937000
R,Key.space,1651852374112161000
P,'u',1651852374371283000
R,'u',1651852374435404000
P,'s',1651852374474237000
R,'s',1651852374533398000
P,'e',1651852374658937000
R,'e',1651852374750524000
P,Key.space,1651852374795877000
R,Key.space,1651852374884641000
P,'o',1651852375072759000
R,'o',1651852375157033000
P,'f',1651852375161239000
R,'f',1651852375256907000
P,Key.space,1651852375331981000
R,Key.space,1651852375447417000
P,'v',1651852376159901000
R,'v',1651852376251384000
P,'i',1651852376270804000
P,'o',1651852376374978000
R,'i',1651852376390386000
R,'o',1651852376463147000
P,'l',1651852376619829000
P,'e',1651852376740779000
R,'l',1651852376746968000
R,'e',1651852376857220000
P,'n',1651852377028913000
R,'n',1651852377121337000
P,'c',1651852377207737000
R,'c',1651852377295101000
P,'e',1651852377457329000
R,'e',1651852377562492000
P,Key.space,1651852377613749000
R,Key.space,1651852377714018000
P,'w',1651852377940927000
R,'w',1651852378046357000
P,'a',1651852378207157000
P,'s',1651852378250033000
R,'a',1651852378269597000
P,Key.space,1651852378386611000
R,'s',1651852378391018000
R,Key.space,1651852378515001000
P,'u',1651852378924897000
R,'u',1651852378995093000
P,'n',1651852379163940000
R,'n',1651852379231321000
P,'c',1651852379407058000
R,'c',1651852379485182000
P,Key.backspace,1651852379966864000
R,Key.backspace,1651852380083007000
P,'n',1651852380407060000
R,'n',1651852380508955000
P,'e',1651852380941059000
R,'e',1651852381025488000
P,'c',1651852381423653000
R,'c',1651852381523930000
P,'e',1651852381711073000
R,'e',1651852381787152000
P,'s',1651852382016772000
R,'s',1651852382090480000
P,'s',1651852382162582000
R,'s',1651852382235073000
P,'a',1651852382357193000
R,'a',1651852382460125000
P,'r',1651852382598338000
R,'r',1651852382693347000
P,'t',1651852382856499000
R,'t',1651852382943840000
P,Key.backspace,1651852383840471000
P,'y',1651852383893387000
R,Key.backspace,1651852383916437000
R,'y',1651852383986114000
P,'.',1651852384293781000
R,'.',1651852384349187000
P,Key.cmd,1651852398601293000
R,Key.cmd,1651852398681352000
P,Key.tab,1651852398705972000
R,Key.tab,1651852398810354000
P,Key.cmd,1651852400212298000
P,Key.tab,1651852400396192000
R,Key.tab,1651852400516048000
R,Key.cmd,1651852400585959000
R,<0>,1651852400843625000
P,Key.ctrl,1651852403242159000
P,'c',1651852403465962000
P,Key.cmd,1651852629678044000
R,Key.cmd,1651852629752462000
P,Key.tab,1651852629789890000
R,Key.tab,1651852629910350000
P,Key.backspace,1651852630989930000
R,Key.backspace,1651852631049195000
P,Key.cmd,1651852632023720000
P,Key.tab,1651852632256368000
R,Key.tab,1651852632361926000
R,Key.cmd,1651852632441033000
R,<0>,1651852632696135000
P,'i',1651852636271103000
R,'i',1651852636341942000
P,'n',1651852636388766000
R,'n',1651852636468186000
P,'s',1651852636499884000
R,'s',1651852636625209000
P,'t',1651852636651355000
R,'t',1651852636721978000
P,'a',1651852636760218000
R,'a',1651852636861296000
P,'g',1651852636874949000
R,'g',1651852636949899000
P,'r',1651852636988234000
R,'r',1651852637062975000
P,'a',1651852637226828000
R,'a',1651852637282786000
P,'m',1651852637303605000
R,'m',1651852637387944000
P,'.',1651852637841946000
R,'.',1651852637932909000
P,'c',1651852638075775000
P,'o',1651852638124280000
R,'c',1651852638150550000
R,'o',1651852638188100000
P,'m',1651852638212998000
R,'m',1651852638319964000
P,Key.enter,1651852638545827000
R,Key.enter,1651852638593014000
P,Key.shift_r,1651852703988953000
P,'I',1651852704222676000
R,'I',1651852704319387000
R,Key.shift_r,1651852704343012000
P,Key.space,1651852707072751000
R,Key.space,1651852707160798000
P,'a',1651852707469750000
R,'a',1651852707581866000
P,'g',1651852707615616000
R,'g',1651852707691109000
P,'r',1651852707781236000
R,'r',1651852707917366000
P,'e',1651852708186706000
R,'e',1651852708270944000
P,'e',1651852708342643000
R,'e',1651852708442786000
P,Key.space,1651852708546301000
R,Key.space,1651852708637962000
P,'t',1651852708982339000
R,'t',1651852709080066000
P,'h',1651852709120056000
R,'h',1651852709200599000
P,'a',1651852709218778000
R,'a',1651852709363674000
P,'t',1651852709489687000
R,'t',1651852709563066000
P,Key.space,1651852709588601000
R,Key.space,1651852709693035000
P,Key.shift_r,1651852720715708000
P,'P',1651852720871006000
R,Key.shift_r,1651852720905611000
R,'p',1651852720975159000
P,'u',1651852721126572000
R,'u',1651852721201966000
P,'t',1651852721256997000
R,'t',1651852721330211000
P,'i',1651852721356743000
P,'n',1651852721481214000
R,'i',1651852721492379000
R,'n',1651852721585119000
P,Key.space,1651852721746484000
R,Key.space,1651852721854743000
P,'s',1651852722492009000
P,'h',1651852722611949000
R,'s',1651852722613191000
R,'h',1651852722691993000
P,'o',1651852722734651000
P,'u',1651852722866768000
R,'o',1651852722870743000
R,'u',1651852722971359000
P,'l',1651852723106883000
P,'d',1651852723234765000
R,'l',1651852723235667000
R,'d',1651852723331009000
P,Key.space,1651852723372849000
R,Key.space,1651852723501070000
P,'n',1651852723905773000
R,'n',1651852724023652000
P,'o',1651852724072866000
R,'o',1651852724197018000
P,'t',1651852724214966000
R,'t',1651852724286745000
P,Key.space,1651852724355872000
R,Key.space,1651852724456050000
P,'b',1651852724919177000
R,'b',1651852725006939000
P,'e',1651852725182960000
R,'e',1651852725299171000
P,Key.space,1651852725300248000
R,Key.space,1651852725415396000
P,'i',1651852725569849000
R,'i',1651852725632856000
P,'n',1651852725689932000
R,'n',1651852725782358000
P,Key.space,1651852725928111000
R,Key.space,1651852726028377000
P,'p',1651852726203044000
P,'o',1651852726302778000
R,'p',1651852726341827000
R,'o',1651852726430918000
P,'w',1651852726438014000
R,'w',1651852726558759000
P,'e',1651852726673855000
P,'r',1651852726781941000
R,'e',1651852726841128000
R,'r',1651852726913672000
P,"','",1651852737740557000
R,"','",1651852737844812000
P,Key.space,1651852737859575000
R,Key.space,1651852737933322000
P,'b',1651852738135007000
R,'b',1651852738218932000
P,'u',1651852738296906000
R,'u',1651852738385710000
P,'t',1651852738462417000
R,'t',1651852738541744000
P,Key.space,1651852738549628000
R,Key.space,1651852738626569000
P,'t',1651852738756928000
P,'h',1651852738823844000
R,'t',1651852738858736000
R,'h',1651852738923838000
P,'e',1651852739009624000
R,'e',1651852739108765000
P,'s',1651852739252513000
R,'s',1651852739340272000
P,'e',1651852739452778000
R,'e',1651852739532563000
P,Key.space,1651852739648675000
R,Key.space,1651852739697055000
P,'a',1651852739896513000
R,'a',1651852740036184000
P,'r',1651852740133442000
P,'e',1651852740237243000
R,'r',1651852740252306000
R,'e',1651852740369701000
P,Key.space,1651852740400308000
R,Key.space,1651852740506641000
P,'s',1651852740746130000
R,'s',1651852740842901000
P,'o',1651852740947324000
R,'o',1651852741019680000
P,'m',1651852741072332000
R,'m',1651852741157595000
P,'e',1651852741161681000
R,'e',1651852741269681000
P,Key.space,1651852741348452000
R,Key.space,1651852741432502000
P,'d',1651852741927467000
R,'d',1651852742027073000
P,Key.backspace,1651852742503519000
R,Key.backspace,1651852742575652000
P,'s',1651852742667290000
R,'s',1651852742779876000
P,'r',1651852743159095000
R,'r',1651852743278773000
P,'o',1651852743323435000
R,'o',1651852743419596000
P,'n',1651852743432476000
P,'g',1651852743557275000
R,'n',1651852743558640000
R,'g',1651852743649620000
P,Key.space,1651852743701231000
R,Key.space,1651852743806129000
P,'w',1651852743859614000
R,'w',1651852743980573000
P,'o',1651852744773554000
R,'o',1651852744843492000
P,'r',1651852744919185000
R,'r',1651852745023908000
P,'d',1651852745153437000
P,'s',1651852745297469000
R,'d',1651852745306325000
R,'s',1651852745413776000
P,Key.space,1651852745434387000
R,Key.space,1651852745556893000
P,'f',1651852746164216000
P,'o',1651852746251899000
R,'f',1651852746267215000
R,'o',1651852746336292000
P,'r',1651852746366098000
R,'r',1651852746461982000
P,Key.space,1651852746480087000
R,Key.space,1651852746565493000
P,'t',1651852746572990000
R,'t',1651852746660489000
P,'h',1651852746673897000
R,'h',1651852746741272000
P,'e',1651852746783145000
R,'e',1651852746867157000
P,Key.space,1651852746873216000
R,Key.space,1651852746951177000
P,'p',1651852747141279000
R,'p',1651852747217282000
P,'r',1651852747234425000
P,'e',1651852747343071000
R,'r',1651852747370159000
R,'e',1651852747456962000
P,'s',1651852747577167000
R,'s',1651852747665296000
P,'i',1651852748054152000
R,'i',1651852748128513000
P,'d',1651852748166279000
R,'d',1651852748283469000
P,'e',1651852748370308000
R,'e',1651852748482720000
P,'n',1651852748526092000
R,'n',1651852748617861000
P,'t',1651852748623487000
R,'t',1651852748710559000
P,Key.space,1651852748757003000
R,Key.space,1651852748853468000
P,'t',1651852748884313000
R,'t',1651852748981471000
P,'o',1651852748998186000
R,'o',1651852749162574000
P,Key.space,1651852749256760000
R,Key.space,1651852749340344000
P,'b',1651852749440533000
R,'b',1651852749519167000
P,'e',1651852749546978000
R,'e',1651852749641773000
P,Key.space,1651852749664325000
R,Key.space,1651852749777915000
P,'s',1651852749849269000
R,'s',1651852749957581000
P,'a',1651852750278350000
R,'a',1651852750386711000
P,'y',1651852750417984000
R,'y',1651852750502094000
P,'i',1651852750690712000
R,'i',1651852750762436000
P,'n',1651852750829465000
R,'n',1651852750934000000
P,'g',1651852750985898000
R,'g',1651852751082296000
P,Key.space,1651852751090267000
R,Key.space,1651852751226174000
P,'r',1651852752236012000
R,'r',1651852752275316000
P,'i',1651852752292020000
R,'i',1651852752373700000
P,'g',1651852752435763000
R,'g',1651852752520541000
P,'h',1651852752542992000
R,'h',1651852752615885000
P,'t',1651852752644649000
R,'t',1651852752709712000
P,Key.space,1651852752743788000
R,Key.space,1651852752816256000
P,'n',1651852752991529000
R,'n',1651852753035049000
P,'o',1651852753208358000
R,'o',1651852753285209000
P,'w',1651852755254297000
R,'w',1651852755324108000
P,'.',1651852757780762000
R,'.',1651852757823829000
P,Key.space,1651852758025735000
R,Key.space,1651852758125995000
P,Key.shift_r,1651852758828866000
P,'I',1651852759044939000
R,'I',1651852759153346000
R,Key.shift_r,1651852759164644000
P,Key.space,1651852762956766000
R,Key.space,1651852763016833000
P,Key.space,1651852763296968000
R,Key.space,1651852763400796000
P,'m',1651852763677740000
P,'a',1651852763686365000
R,'m',1651852763732569000
R,'a',1651852763817749000
P,'=',1651852764147800000
R,'=',1651852764207920000
P,Key.backspace,1651852764304132000
R,Key.backspace,1651852764356973000
P,Key.backspace,1651852764460772000
R,Key.backspace,1651852764480707000
P,Key.backspace,1651852764580376000
R,Key.backspace,1651852764631839000
P,Key.backspace,1651852764731691000
R,Key.backspace,1651852764774286000
P,'=',1651852765125730000
R,'=',1651852765201687000
P,Key.backspace,1651852765676734000
R,Key.backspace,1651852765749000000
P,Key.backspace,1651852766032819000
R,Key.backspace,1651852766092822000
P,Key.space,1651852766415999000
R,Key.space,1651852766499859000
P,'a',1651852766556842000
R,'a',1651852766675795000
P,'m',1651852766676912000
R,'m',1651852766811732000
P,Key.space,1651852766818672000
R,Key.space,1651852766916092000
P,'j',1651852767306559000
R,'j',1651852767390472000
P,'u',1651852767464535000
R,'u',1651852767536228000
P,'s',1651852767589948000
R,'s',1651852767707923000
P,'t',1651852767831007000
R,'t',1651852767915668000
P,Key.space,1651852767965248000
R,Key.space,1651852768068532000
P,'c',1651852768579576000
R,'c',1651852768678418000
P,'o',1651852768686198000
R,'o',1651852768747774000
P,'n',1651852768779593000
R,'n',1651852768890716000
P,'c',1651852768903879000
R,'c',1651852769008726000
P,'e',1651852769134480000
P,'r',1651852769258461000
R,'e',1651852769293538000
P,'n',1651852769306445000
R,'r',1651852769366430000
R,'n',1651852769394951000
P,'e',1651852769514464000
R,'e',1651852769624180000
P,'d',1651852769756800000
R,'d',1651852769868534000
P,Key.space,1651852769885514000
R,Key.space,1651852770001555000
P,'t',1651852770057842000
R,'t',1651852770123503000
P,'h',1651852770162361000
R,'h',1651852770270868000
P,'a',1651852770284125000
R,'a',1651852770384641000
P,'t',1651852770479730000
R,'t',1651852770551482000
P,Key.space,1651852770583281000
R,Key.space,1651852770690844000
P,'h',1651852776414243000
R,'h',1651852776474614000
P,'e',1651852776515747000
R,'e',1651852776619371000
P,Key.space,1651852776645902000
R,Key.space,1651852776734578000
P,'m',1651852776820342000
R,'m',1651852776916841000
P,'a',1651852776948454000
R,'a',1651852777044671000
P,'y',1651852777107799000
R,'y',1651852777193919000
P,Key.space,1651852777310714000
R,Key.space,1651852777410416000
P,'b',1651852777550253000
R,'b',1651852777629874000
P,'e',1651852777660240000
R,'e',1651852777764114000
P,Key.space,1651852777789812000
R,Key.space,1651852777892380000
P,'b',1651852778190625000
R,'b',1651852778273447000
P,'r',1651852778306662000
R,'r',1651852778406889000
P,'i',1651852778428091000
R,'i',1651852778490178000
P,'n',1651852778545424000
P,'g',1651852778597112000
R,'n',1651852778632001000
R,'g',1651852778693517000
P,'i',1651852778740274000
R,'i',1651852778803974000
P,'n',1651852778827503000
R,'n',1651852778932929000
P,'g',1651852779273328000
R,'g',1651852779361327000
P,Key.space,1651852779396108000
R,Key.space,1651852779490184000
P,'u',1651852779792150000
R,'u',1651852779860626000
P,'s',1651852779908463000
R,'s',1651852780017523000
P,Key.space,1651852780054150000
R,Key.space,1651852780141947000
P,'i',1651852780290220000
R,'i',1651852780346187000
P,'n',1651852780396135000
R,'n',1651852780483974000
P,'t',1651852780557930000
R,'t',1651852780662017000
P,'o',1651852780687337000
R,'o',1651852780807207000
P,Key.space,1651852780898117000
R,Key.space,1651852780994470000
P,'a',1651852781216685000
P,Key.space,1651852781313216000
R,'a',1651852781332004000
R,Key.space,1651852781417327000
P,'c',1651852782164403000
R,'c',1651852782272685000
P,'o',1651852782273235000
R,'o',1651852782323732000
P,'n',1651852782373301000
R,'n',1651852782489930000
P,'f',1651852782502334000
R,'f',1651852782586840000
P,'l',1651852782627429000
R,'l',1651852782740039000
P,'i',1651852782798106000
R,'i',1651852782902321000
P,'c',1651852782947172000
R,'c',1651852783023596000
P,'t',1651852783176176000
R,'t',1651852783236768000
P,Key.space,1651852783273978000
R,Key.space,1651852783378473000
P,'w',1651852783931022000
P,'e',1651852784042335000
R,'w',1651852784106824000
R,'e',1651852784163437000
P,Key.space,1651852784180864000
R,Key.space,1651852784293194000
P,'m',1651852784449240000
R,'m',1651852784569290000
P,'a',1651852784573366000
R,'a',1651852784684199000
P,'y',1651852784724085000
R,'y',1651852784779654000
P,Key.space,1651852784915090000
R,Key.space,1651852784978636000
P,'n',1651852785094353000
R,'n',1651852785179511000
P,'o',1651852785266155000
R,'o',1651852785366263000
P,'t',1651852785377111000
R,'t',1651852785457689000
P,Key.space,1651852785507927000
R,Key.space,1651852785560056000
P,'w',1651852785659792000
R,'w',1651852785776863000
P,'a',1651852785990705000
R,'a',1651852786082352000
P,'n',1651852786134521000
R,'n',1651852786240131000
P,'t',1651852786256475000
R,'t',1651852786351343000
P,Key.space,1651852786379853000
R,Key.space,1651852786491813000
P,'t',1651852786541403000
P,'o',1651852786637035000
R,'t',1651852786642744000
R,'o',1651852786723941000
P,Key.space,1651852786873252000
R,Key.space,1651852786979371000
P,'g',1651852787140787000
R,'g',1651852787232029000
P,'e',1651852787235787000
R,'e',1651852787368982000
P,'t',1651852787429374000
R,'t',1651852787524364000
P,Key.space,1651852787553671000
R,Key.space,1651852787656080000
P,'i',1651852787812838000
R,'i',1651852787870802000
P,'n',1651852787919818000
R,'n',1651852788026542000
P,'t',1651852788066315000
R,'t',1651852788153111000
P,'o',1651852788199247000
R,'o',1651852788286504000
P,Key.space,1651852788419061000
R,Key.space,1651852788509513000
P,'r',1651852788888955000
R,'r',1651852788999739000
P,'i',1651852789029700000
R,'i',1651852789110247000
P,'g',1651852789199598000
R,'g',1651852789254816000
P,'h',1651852789299733000
R,'h',1651852789395812000
P,'t',1651852789438309000
R,'t',1651852789518185000
P,Key.space,1651852789572729000
R,Key.space,1651852789688630000
P,'n',1651852792321636000
R,'n',1651852792420542000
P,'o',1651852792513081000
R,'o',1651852792593319000
P,'w',1651852792600622000
R,'w',1651852792709680000
P,'.',1651852793244309000
R,'.',1651852793300151000
P,Key.cmd,1651852815275486000
P,Key.tab,1651852815501406000
R,Key.tab,1651852815572366000
R,Key.cmd,1651852815693291000
R,<0>,1651852815949831000
P,Key.ctrl,1651852818305919000
P,'c',1651852818515698000
