P,Key.cmd,1652367886946898000
P,Key.tab,1652367887193951000
R,Key.tab,1652367887329304000
R,Key.cmd,1652367887393709000
R,<0>,1652367887648384000
P,'t',1652367890838326000
R,'t',1652367890905431000
P,'w',1652367892152644000
R,'w',1652367892255811000
P,'i',1652367892325861000
R,'i',1652367892404900000
P,'t',1652367892537867000
R,'t',1652367892600960000
P,'t',1652367892680757000
R,'t',1652367892767827000
P,'e',1652367892884687000
R,'e',1652367892978951000
P,'r',1652367893032739000
R,'r',1652367893121083000
P,'.',1652367893152829000
R,'.',1652367893223901000
P,'c',1652367893325816000
R,'c',1652367893385319000
P,'o',1652367893414719000
R,'o',1652367893477781000
P,'m',1652367893517557000
R,'m',1652367893617189000
P,Key.enter,1652367893817887000
R,Key.enter,1652367893876710000
P,'f',1652367908396846000
R,'f',1652367908486747000
P,'p',1652367908753463000
R,'p',1652367908817716000
P,'d',1652367910616221000
R,'d',1652367910704650000
P,'1',1652367911489354000
R,'1',1652367911581499000
P,Key.shift,1652367913476327000
R,Key.shift,1652367913592608000
P,'s',1652367913788316000
R,'s',1652367913908676000
P,'o',1652367913972176000
R,'o',1652367914048456000
P,'a',1652367914412602000
R,'a',1652367914496363000
P,'c',1652367914593247000
R,'c',1652367914701304000
P,'i',1652367914716894000
R,'i',1652367914785471000
P,'a',1652367914884285000
R,'a',1652367914980452000
P,'l',1652367915018868000
R,'l',1652367915079074000
P,Key.backspace,1652367917438832000
R,Key.backspace,1652367917507111000
P,Key.backspace,1652367917589753000
R,Key.backspace,1652367917654271000
P,Key.backspace,1652367917740834000
R,Key.backspace,1652367917809361000
P,Key.backspace,1652367917903984000
R,Key.backspace,1652367917968170000
P,Key.backspace,1652367918053716000
R,Key.backspace,1652367918119247000
P,Key.backspace,1652367918194888000
R,Key.backspace,1652367918283193000
P,'o',1652367919147448000
R,'o',1652367919206292000
P,'c',1652367919314120000
R,'c',1652367919422398000
P,'i',1652367919477151000
R,'i',1652367919553250000
P,'a',1652367919613838000
R,'a',1652367919706099000
P,'l',1652367919745875000
R,'l',1652367919810465000
P,Key.shift,1652367921198269000
P,'@',1652367921801881000
R,Key.shift,1652367921901762000
R,'2',1652367921917919000
P,'g',1652367922131964000
R,'g',1652367922229071000
P,'m',1652367922257716000
R,'m',1652367922317851000
P,'a',1652367922368835000
R,'a',1652367922457138000
P,'i',1652367922471652000
R,'i',1652367922544215000
P,'l',1652367922640266000
R,'l',1652367922700232000
P,'.',1652367922804096000
R,'.',1652367922847893000
P,'c',1652367922914827000
P,'o',1652367922986833000
R,'c',1652367922994542000
R,'o',1652367923037387000
P,'m',1652367923069798000
R,'m',1652367923158148000
P,Key.enter,1652367923937649000
R,Key.enter,1652367923995960000
P,Key.shift,1652367926284896000
R,Key.shift,1652367926712533000
P,Key.shift,1652367927713063000
R,Key.shift,1652367928060697000
R,Key.enter,1652367931118546000
P,Key.shift,1652367938926280000
P,'T',1652367939057926000
R,Key.shift,1652367939137785000
R,'t',1652367939138399000
P,'h',1652367939173142000
R,'h',1652367939241555000
P,'e',1652367939278044000
R,'e',1652367939359447000
P,Key.space,1652367939360202000
R,Key.space,1652367939452031000
P,'m',1652367940182500000
R,'m',1652367940240902000
P,'o',1652367940308276000
R,'o',1652367940390280000
P,'v',1652367940423825000
R,'v',1652367940507852000
P,'e',1652367940586104000
R,'e',1652367940694351000
P,Key.backspace,1652367940887386000
R,Key.backspace,1652367940959568000
P,'i',1652367941101970000
R,'i',1652367941169373000
P,'e',1652367941200444000
R,'e',1652367941293607000
P,Key.space,1652367941327930000
R,Key.space,1652367941408517000
P,'w',1652367941590352000
R,'w',1652367941669284000
P,'a',1652367941758893000
R,'a',1652367941863245000
P,'s',1652367941894346000
P,Key.space,1652367941991140000
R,'s',1652367941997291000
R,Key.space,1652367942069766000
P,'s',1652367944130524000
P,'o',1652367944227583000
R,'s',1652367944228534000
R,'o',1652367944287489000
P,Key.space,1652367944365410000
R,Key.space,1652367944434000000
P,'p',1652367944546041000
R,'p',1652367944630118000
P,'o',1652367944780335000
R,'o',1652367944836322000
P,'w',1652367944927818000
R,'w',1652367945047738000
P,'e',1652367945160891000
R,'e',1652367945292817000
P,'r',1652367945790290000
R,'r',1652367945859969000
P,'f',1652367946000512000
R,'f',1652367946092265000
P,'u',1652367946214145000
R,'u',1652367946282405000
P,'l',1652367946399932000
R,'l',1652367946466689000
P,'.',1652367946648304000
R,'.',1652367946715618000
P,Key.space,1652367946762911000
R,Key.space,1652367946862298000
P,Key.shift,1652367946923855000
P,'T',1652367947870242000
R,Key.shift,1652367947940632000
R,'t',1652367947957028000
P,'h',1652367947978379000
R,'h',1652367948046375000
P,'i',1652367948102205000
P,'s',1652367948169758000
R,'i',1652367948173440000
R,'s',1652367948265575000
P,Key.space,1652367948310308000
R,Key.space,1652367948394895000
P,'s',1652367948691777000
R,'s',1652367948812584000
P,'c',1652367949031726000
R,'c',1652367949136384000
P,'e',1652367949219977000
R,'e',1652367949308446000
P,'n',1652367949357210000
R,'n',1652367949429137000
P,'e',1652367949472595000
R,'e',1652367949563713000
P,Key.space,1652367949575847000
R,Key.space,1652367949662974000
P,'w',1652367949699555000
R,'w',1652367949776270000
P,'a',1652367949859155000
R,'a',1652367949975704000
P,'s',1652367949995921000
P,Key.space,1652367950103687000
R,'s',1652367950118218000
R,Key.space,1652367950191214000
P,'e',1652367950390769000
R,'e',1652367950487209000
P,'x',1652367950642583000
R,'x',1652367950766548000
P,Key.backspace,1652367950990572000
R,Key.backspace,1652367951064967000
P,'s',1652367951099761000
R,'s',1652367951190271000
P,'c',1652367951262426000
P,'p',1652367951366795000
R,'c',1652367951374570000
R,'p',1652367951450978000
P,Key.backspace,1652367951891488000
R,Key.backspace,1652367951941317000
P,Key.backspace,1652367952010139000
R,Key.backspace,1652367952097590000
P,'p',1652367952612877000
R,'p',1652367952690474000
P,'e',1652367952748668000
R,'e',1652367952829211000
P,'c',1652367952894833000
R,'c',1652367953007013000
P,'i',1652367953017759000
R,'i',1652367953087094000
P,'a',1652367953161511000
R,'a',1652367953218066000
P,'l',1652367953250841000
R,'l',1652367953298154000
P,'l',1652367953353126000
R,'l',1652367953428560000
P,'y',1652367953475735000
R,'y',1652367953559278000
P,Key.space,1652367953573214000
R,Key.space,1652367953662711000
P,'m',1652367953773942000
R,'m',1652367953839938000
P,'o',1652367953869947000
R,'o',1652367953969272000
P,'v',1652367954000689000
R,'v',1652367954084876000
P,'i',1652367954152839000
R,'i',1652367954207006000
P,'n',1652367954250687000
R,'n',1652367954318384000
P,'g',1652367954346396000
R,'g',1652367954446760000
P,Key.space,1652367954448599000
R,Key.space,1652367954546397000
P,'s',1652367954775559000
R,'s',1652367954863863000
P,'i',1652367954907053000
R,'i',1652367954972989000
P,'n',1652367955199714000
R,'n',1652367955290147000
P,'c',1652367955339043000
R,'c',1652367955433771000
P,'e',1652367955492675000
R,'e',1652367955581019000
P,Key.space,1652367955612578000
R,Key.space,1652367955664655000
P,'i',1652367955735538000
R,'i',1652367955794661000
P,'t',1652367955835488000
R,'t',1652367955924663000
P,Key.space,1652367955943595000
R,Key.space,1652367956035498000
P,'h',1652367956263896000
R,'h',1652367956315050000
P,'i',1652367956391641000
R,'i',1652367956479618000
P,'g',1652367956515702000
R,'g',1652367956593660000
P,'h',1652367956623792000
R,'h',1652367956697830000
P,'l',1652367956804036000
R,'l',1652367956875894000
P,'i',1652367956980563000
R,'i',1652367957036005000
P,'g',1652367957093397000
R,'g',1652367957177090000
P,'h',1652367957206841000
R,'h',1652367957284883000
P,'t',1652367957329554000
R,'t',1652367957429778000
P,'e',1652367957597362000
R,'e',1652367957693293000
P,'d',1652367957758899000
R,'d',1652367957859249000
P,Key.space,1652367957874387000
R,Key.space,1652367957966468000
P,'t',1652367958065588000
R,'t',1652367958133206000
P,'h',1652367958174415000
R,'h',1652367958248783000
P,'e',1652367958279701000
R,'e',1652367958400765000
P,Key.space,1652367958460537000
R,Key.space,1652367958585675000
P,'n',1652367958950672000
R,'n',1652367959029888000
P,'e',1652367959062741000
R,'e',1652367959134676000
P,'e',1652367959213585000
R,'e',1652367959309997000
P,'d',1652367959441735000
R,'d',1652367959484700000
P,Key.space,1652367959510916000
R,Key.space,1652367959611643000
P,'t',1652367959695821000
P,'o',1652367959739657000
R,'t',1652367959771703000
R,'o',1652367959805781000
P,Key.space,1652367959855848000
R,Key.space,1652367959944207000
P,'s',1652367959978262000
R,'s',1652367960066879000
P,'o',1652367960091739000
R,'o',1652367960163879000
P,'m',1652367960222757000
P,'e',1652367960270874000
R,'m',1652367960285469000
R,'e',1652367960355911000
P,'t',1652367960451185000
P,'h',1652367960527628000
R,'t',1652367960542727000
R,'h',1652367960583833000
P,Key.backspace,1652367960855691000
R,Key.backspace,1652367960919618000
P,'i',1652367961058812000
R,'i',1652367961127715000
P,'m',1652367961177168000
P,'e',1652367961261896000
R,'m',1652367961265196000
R,'e',1652367961355630000
P,'s',1652367961443543000
P,Key.space,1652367961527038000
R,'s',1652367961539778000
R,Key.space,1652367961608081000
P,'b',1652367961816302000
R,'b',1652367961880565000
P,'e',1652367961899942000
R,'e',1652367961989051000
P,Key.space,1652367962027171000
R,Key.space,1652367962107778000
P,'e',1652367963231410000
R,'e',1652367963319914000
P,'x',1652367963460204000
R,'x',1652367963590399000
P,'t',1652367963749211000
R,'t',1652367963785579000
P,'r',1652367963933319000
R,'r',1652367964028635000
P,'e',1652367964899513000
R,'e',1652367965003838000
P,'m',1652367965083297000
R,'m',1652367965135234000
P,'e',1652367965176560000
R,'e',1652367965273610000
P,Key.space,1652367965315410000
R,Key.space,1652367965395566000
P,'i',1652367965622304000
R,'i',1652367965689720000
P,'n',1652367965735521000
R,'n',1652367965791334000
P,Key.space,1652367965791825000
R,Key.space,1652367965905633000
P,'o',1652367965944841000
R,'o',1652367966020315000
P,'r',1652367966049873000
R,'r',1652367966130866000
P,'d',1652367966227729000
R,'d',1652367966324448000
P,'e',1652367966380735000
R,'e',1652367966465906000
P,'r',1652367966521717000
R,'r',1652367966617710000
P,Key.space,1652367966635997000
R,Key.space,1652367966728878000
P,'t',1652367966760374000
P,'o',1652367966833052000
R,'t',1652367966864478000
R,'o',1652367966905752000
P,Key.space,1652367966951181000
R,Key.space,1652367967043371000
P,'c',1652367967434393000
R,'c',1652367967542396000
P,'h',1652367967615992000
R,'h',1652367967684403000
P,'i',1652367967737062000
R,'i',1652367967830329000
P,'e',1652367967856116000
R,'e',1652367967944186000
P,'v',1652367968041289000
R,'v',1652367968127819000
P,'e',1652367968205611000
R,'e',1652367968296635000
P,Key.space,1652367968331738000
R,Key.space,1652367968435428000
P,'t',1652367969181253000
R,'t',1652367969257257000
P,'h',1652367969279783000
R,'h',1652367969352449000
P,'e',1652367969401067000
P,Key.space,1652367969496694000
R,'e',1652367969512058000
R,Key.space,1652367969573752000
P,'b',1652367969625144000
R,'b',1652367969692721000
P,'e',1652367969725089000
R,'e',1652367969812530000
P,'s',1652367969885583000
R,'s',1652367969989809000
P,'t',1652367970064063000
R,'t',1652367970150003000
P,Key.space,1652367970173809000
R,Key.space,1652367970257998000
P,'r',1652367970484112000
R,'r',1652367970563616000
P,'e',1652367970659565000
R,'e',1652367970751987000
P,'s',1652367970831717000
R,'s',1652367970936549000
P,'u',1652367971031086000
R,'u',1652367971107296000
P,'l',1652367971224904000
R,'l',1652367971297206000
P,'t',1652367971342933000
R,'t',1652367971413239000
P,'s',1652367971524075000
R,'s',1652367971612656000
P,"','",1652367971627525000
R,"','",1652367971687217000
P,Key.space,1652367971758103000
R,Key.space,1652367971829887000
P,'a',1652367971899965000
R,'a',1652367971959545000
P,'s',1652367972081886000
R,'s',1652367972197698000
P,Key.space,1652367972224362000
R,Key.space,1652367972323746000
P,'o',1652367972741085000
R,'o',1652367972801465000
P,'p',1652367972935985000
R,'p',1652367972990327000
P,'p',1652367973056885000
R,'p',1652367973124250000
P,'o',1652367973206721000
R,'o',1652367973276235000
P,'s',1652367973307067000
R,'s',1652367973402975000
P,'e',1652367973498675000
R,'e',1652367973575136000
P,'d',1652367973655953000
R,'d',1652367973742190000
P,Key.space,1652367973776792000
R,Key.space,1652367973869655000
P,'t',1652367973916556000
R,'t',1652367973995928000
P,'o',1652367974019828000
R,'o',1652367974085284000
P,Key.space,1652367974134279000
R,Key.space,1652367974227846000
P,'m',1652367974507432000
R,'m',1652367974584195000
P,'a',1652367974648939000
R,'a',1652367974752733000
P,'k',1652367974756339000
R,'k',1652367974808668000
P,'i',1652367974896806000
R,'i',1652367974960782000
P,'n',1652367975006303000
P,'g',1652367975069041000
R,'n',1652367975095673000
R,'g',1652367975144596000
P,Key.space,1652367975169108000
R,Key.space,1652367975259991000
P,'t',1652367975292013000
P,'h',1652367975368089000
R,'t',1652367975369086000
R,'h',1652367975443649000
P,'e',1652367975484834000
P,Key.space,1652367975563600000
R,'e',1652367975588508000
R,Key.space,1652367975672218000
P,'d',1652367975780413000
R,'d',1652367975845353000
P,'e',1652367975912734000
R,'e',1652367976001142000
P,'c',1652367976083225000
R,'c',1652367976176872000
P,'i',1652367976282796000
R,'i',1652367976362503000
P,'s',1652367976414298000
R,'s',1652367976493491000
P,'i',1652367976573616000
R,'i',1652367976627069000
P,'o',1652367976717773000
R,'o',1652367976802249000
P,'n',1652367976845253000
R,'n',1652367976918225000
P,Key.space,1652367976956852000
R,Key.space,1652367977046900000
P,'w',1652367977074772000
R,'w',1652367977163023000
P,'h',1652367977190124000
R,'h',1652367977261991000
P,'i',1652367977340199000
R,'i',1652367977407343000
P,'c',1652367977462784000
R,'c',1652367977540392000
P,'h',1652367977542374000
R,'h',1652367977611151000
P,Key.space,1652367977650513000
R,Key.space,1652367977746174000
P,'i',1652367977812832000
R,'i',1652367977907041000
P,'s',1652367977948681000
R,'s',1652367978016226000
P,Key.space,1652367978052189000
R,Key.space,1652367978140096000
P,'f',1652367978444881000
R,'f',1652367978532832000
P,'a',1652367978639173000
R,'a',1652367978719148000
P,'v',1652367978841009000
R,'v',1652367978925010000
P,'o',1652367978966641000
R,'o',1652367979046867000
P,'r',1652367979087014000
R,'r',1652367979177986000
P,'a',1652367979251785000
R,'a',1652367979356144000
P,'b',1652367979388780000
R,'b',1652367979459192000
P,'l',1652367979546699000
P,'e',1652367979565421000
R,'l',1652367979642470000
R,'e',1652367979698941000
P,Key.space,1652367979744665000
R,Key.space,1652367979838598000
P,'a',1652367980305966000
R,'a',1652367980389027000
P,'m',1652367980544207000
R,'m',1652367980601009000
P,'o',1652367980649643000
R,'o',1652367980729841000
P,'i',1652367980916848000
R,'i',1652367980989275000
P,'n',1652367981114916000
R,'n',1652367981173365000
P,'g',1652367981262410000
R,'g',1652367981346591000
P,Key.backspace,1652367981684679000
R,Key.backspace,1652367981731886000
P,Key.backspace,1652367981814667000
R,Key.backspace,1652367981861962000
P,Key.backspace,1652367981934667000
R,Key.backspace,1652367981999710000
P,'n',1652367982120045000
R,'n',1652367982166986000
P,'g',1652367982245911000
R,'g',1652367982326573000
P,'s',1652367982419563000
R,'s',1652367982532845000
P,'t',1652367982816639000
R,'t',1652367982923396000
P,Key.space,1652367982981799000
R,Key.space,1652367983081792000
P,'o',1652367983453742000
R,'o',1652367983513325000
P,'t',1652367983646870000
R,'t',1652367983735024000
P,'h',1652367983751827000
R,'h',1652367983821733000
P,'e',1652367983867607000
R,'e',1652367983951789000
P,'r',1652367983991417000
R,'r',1652367984072279000
P,'s',1652367984157114000
R,'s',1652367984232739000
P,'.',1652367984236644000
R,'.',1652367984300776000
P,Key.cmd,1652367992237497000
P,Key.tab,1652367992440587000
R,Key.tab,1652367992589131000
R,Key.cmd,1652367992611486000
R,<0>,1652367992876854000
P,Key.ctrl,1652367995510118000
P,'c',1652367996174600000
P,Key.tab,1652368410274753000
R,Key.tab,1652368410402502000
R,Key.cmd,1652368410443827000
R,<0>,1652368410702829000
P,'t',1652368413381374000
R,'t',1652368413476455000
P,'w',1652368413628173000
R,'w',1652368413727562000
P,'i',1652368413731827000
R,'i',1652368413802664000
P,'t',1652368413905338000
R,'t',1652368413957167000
P,'t',1652368414028774000
R,'t',1652368414130802000
P,'e',1652368414219377000
R,'e',1652368414304971000
P,'r',1652368414349378000
R,'r',1652368414445652000
P,Key.enter,1652368414683338000
R,Key.enter,1652368414754125000
P,Key.shift,1652368419554003000
P,'W',1652368419783368000
R,Key.shift,1652368419918553000
R,'w',1652368419926168000
P,'h',1652368419944577000
R,'h',1652368420045143000
P,'a',1652368420059933000
R,'a',1652368420139928000
P,Key.backspace,1652368420354359000
R,Key.backspace,1652368420435333000
P,'y',1652368420643514000
R,'y',1652368420759257000
P,Key.space,1652368420842144000
R,Key.space,1652368420958200000
P,'d',1652368421039341000
P,'i',1652368421102055000
R,'d',1652368421105745000
R,'i',1652368421153970000
P,'d',1652368421247659000
R,'d',1652368421342843000
P,Key.space,1652368421346920000
R,Key.space,1652368421427078000
P,Key.shift,1652368421760179000
P,'W',1652368421876057000
R,Key.shift,1652368421980178000
R,'w',1652368421991521000
P,'i',1652368422005984000
R,'i',1652368422055724000
P,'l',1652368422176757000
R,'l',1652368422228635000
P,'l',1652368422292885000
R,'l',1652368422369272000
P,Key.space,1652368422456852000
P,Key.shift,1652368422464259000
R,Key.space,1652368422517129000
P,'S',1652368422554953000
R,Key.shift,1652368422664964000
P,'m',1652368422684724000
R,'s',1652368422688414000
R,'m',1652368422724076000
P,'i',1652368422833975000
R,'i',1652368422897341000
P,'t',1652368422945796000
R,'t',1652368423023765000
P,'h',1652368423172941000
R,'h',1652368423255123000
P,Key.space,1652368424751794000
R,Key.space,1652368424817091000
P,'t',1652368425971953000
R,'t',1652368426072413000
P,'h',1652368426078864000
R,'h',1652368426155609000
P,'i',1652368426204987000
R,'i',1652368426289283000
P,'n',1652368426346737000
P,'k',1652368426439662000
R,'n',1652368426440916000
R,'k',1652368426535147000
P,Key.space,1652368426565792000
R,Key.space,1652368426657993000
P,'i',1652368426729162000
R,'i',1652368426809100000
P,'t',1652368426827843000
R,'t',1652368426935985000
P,Key.space,1652368426938869000
R,Key.space,1652368427040523000
P,'w',1652368427067678000
R,'w',1652368427155524000
P,'s',1652368427343944000
R,'s',1652368427459692000
P,Key.space,1652368427466929000
R,Key.space,1652368427572054000
P,Key.backspace,1652368427829867000
R,Key.backspace,1652368427881113000
P,Key.backspace,1652368427946572000
R,Key.backspace,1652368428029875000
P,'a',1652368428041963000
R,'a',1652368428115015000
P,'s',1652368428138190000
P,Key.space,1652368428241211000
R,'s',1652368428248833000
R,Key.space,1652368428338785000
P,'o',1652368428459879000
R,'o',1652368428516052000
P,'k',1652368428642836000
R,'k',1652368428707041000
P,'a',1652368429018903000
R,'a',1652368429110789000
P,'y',1652368429194650000
R,'y',1652368429271812000
P,Key.space,1652368429321807000
R,Key.space,1652368429421584000
P,'t',1652368429443135000
R,'t',1652368429526823000
P,'o',1652368429538598000
R,'o',1652368429615037000
P,Key.space,1652368429645791000
P,'s',1652368429684325000
R,Key.space,1652368429716408000
R,'s',1652368429789541000
P,'p',1652368429838399000
R,'p',1652368429912868000
P,Key.backspace,1652368430238677000
R,Key.backspace,1652368430290424000
P,'l',1652368430421857000
R,'l',1652368430482056000
P,'a',1652368430538881000
R,'a',1652368430631025000
P,'p',1652368430682492000
R,'p',1652368430751059000
P,Key.space,1652368430808010000
R,Key.space,1652368430908979000
P,'s',1652368431011782000
R,'s',1652368431091893000
P,'o',1652368431115867000
R,'o',1652368431179262000
P,'m',1652368431223250000
R,'m',1652368431291417000
P,'e',1652368431343001000
R,'e',1652368431430568000
P,'t',1652368431568844000
R,'t',1652368431655407000
P,'h',1652368431678605000
R,'h',1652368431734819000
P,'i',1652368431794588000
R,'i',1652368431874807000
P,'n',1652368431917540000
R,'n',1652368431989572000
P,'g',1652368431992728000
R,'g',1652368432084073000
P,Key.backspace,1652368432285782000
R,Key.backspace,1652368432328930000
P,Key.backspace,1652368432421495000
R,Key.backspace,1652368432496826000
P,Key.backspace,1652368432578586000
R,Key.backspace,1652368432635154000
P,Key.backspace,1652368432724009000
R,Key.backspace,1652368432772367000
P,Key.backspace,1652368432818621000
R,Key.backspace,1652368432906937000
P,Key.backspace,1652368432972818000
R,Key.backspace,1652368433073910000
P,'e',1652368433623403000
R,'e',1652368433723918000
P,'o',1652368433752247000
R,'o',1652368433824646000
P,'n',1652368433874967000
R,'n',1652368433939571000
P,'e',1652368434451785000
R,'e',1652368434532048000
P,Key.space,1652368434560359000
R,Key.space,1652368434655348000
P,'o',1652368434938696000
R,'o',1652368435023110000
P,'n',1652368435100558000
R,'n',1652368435175739000
P,'-',1652368435585465000
R,'-',1652368435658066000
P,'s',1652368435747604000
R,'s',1652368435847832000
P,'t',1652368435956558000
R,'t',1652368436040742000
P,'a',1652368436144755000
R,'a',1652368436245705000
P,'g',1652368436350472000
R,'g',1652368436430078000
P,'e',1652368436531464000
R,'e',1652368436620499000
P,'.',1652368436751402000
R,'.',1652368436827869000
P,Key.space,1652368436881348000
R,Key.space,1652368436985659000
P,Key.backspace,1652368437785359000
R,Key.backspace,1652368437837709000
P,Key.backspace,1652368437911400000
R,Key.backspace,1652368438007532000
P,Key.shift,1652368438053448000
P,'?',1652368438512574000
R,'?',1652368438600342000
R,Key.shift,1652368438724839000
P,Key.space,1652368438748958000
R,Key.space,1652368438824490000
P,Key.shift,1652368439599571000
P,'D',1652368439823406000
R,Key.shift,1652368439915354000
R,'d',1652368439920495000
P,'i',1652368439943474000
R,'i',1652368440011366000
P,'d',1652368440064404000
R,'d',1652368440176763000
P,'n',1652368440290596000
R,'n',1652368440334491000
P,"""'""",1652368440460042000
R,"""'""",1652368440526867000
P,'t',1652368440554261000
R,'t',1652368440634661000
P,Key.space,1652368440670203000
R,Key.space,1652368440761716000
P,'w',1652368440825272000
R,'w',1652368440933545000
P,'e',1652368440999220000
R,'e',1652368441107694000
P,Key.space,1652368441120936000
R,Key.space,1652368441197191000
P,'l',1652368441355568000
R,'l',1652368441431545000
P,'e',1652368441454384000
R,'e',1652368441545780000
P,'a',1652368441675238000
R,'a',1652368441775471000
P,'r',1652368441878173000
R,'r',1652368441986935000
P,'n',1652368442053250000
R,'n',1652368442113537000
P,Key.space,1652368442170343000
R,Key.space,1652368442270052000
P,'t',1652368442302852000
R,'t',1652368442387721000
P,'h',1652368442413469000
R,'h',1652368442464757000
P,'i',1652368442503149000
R,'i',1652368442619560000
P,'s',1652368442674698000
R,'s',1652368442769570000
P,Key.space,1652368442794805000
R,Key.space,1652368442885874000
P,'i',1652368442977003000
R,'i',1652368443040837000
P,'n',1652368443096406000
P,Key.space,1652368443187715000
R,'n',1652368443195132000
R,Key.space,1652368443280060000
P,'p',1652368443972982000
R,'p',1652368444060737000
P,'r',1652368444078884000
R,'r',1652368444167517000
P,'e',1652368444265189000
R,'e',1652368444349238000
P,'s',1652368444462622000
R,'s',1652368444585353000
P,'c',1652368444700991000
R,'c',1652368444817232000
P,'h',1652368444839054000
R,'h',1652368444911481000
P,'o',1652368444989997000
R,'o',1652368445073710000
P,'o',1652368445138805000
R,'o',1652368445211298000
P,'l',1652368445302094000
R,'l',1652368445389515000
P,Key.space,1652368445445345000
R,Key.space,1652368445546654000
P,'t',1652368445600321000
R,'t',1652368445685170000
P,'h',1652368445710768000
R,'h',1652368445779597000
P,'a',1652368445817891000
R,'a',1652368445914467000
P,Key.backspace,1652368446399196000
R,Key.backspace,1652368446463388000
P,Key.backspace,1652368446540135000
R,Key.backspace,1652368446596358000
P,Key.backspace,1652368446675288000
R,Key.backspace,1652368446739832000
P,Key.backspace,1652368446825068000
R,Key.backspace,1652368446917203000
P,Key.space,1652368447179231000
R,Key.space,1652368447254247000
P,'a',1652368447317017000
P,'n',1652368447400968000
R,'a',1652368447405411000
R,'n',1652368447456230000
P,'d',1652368447516298000
R,'d',1652368447604188000
P,Key.space,1652368447611769000
R,Key.space,1652368447696442000
P,'k',1652368447830925000
R,'k',1652368447935312000
P,'i',1652368448148253000
R,'i',1652368448200156000
P,'n',1652368448250025000
R,'n',1652368448322648000
P,'d',1652368448343033000
R,'d',1652368448423364000
P,'e',1652368448497317000
R,'e',1652368448570163000
P,'r',1652368448604902000
R,'r',1652368448685135000
P,'g',1652368448837931000
R,'g',1652368448926064000
P,'a',1652368449039091000
R,'a',1652368449131163000
P,'r',1652368449203035000
R,'r',1652368449283338000
P,'d',1652368449405107000
R,'d',1652368449512676000
P,'e',1652368449729904000
R,'e',1652368449839024000
P,'n',1652368449905294000
R,'n',1652368449957037000
P,"','",1652368450700842000
R,"','",1652368450788360000
P,Key.space,1652368450842669000
R,Key.space,1652368450928661000
P,Key.backspace,1652368454237858000
R,Key.backspace,1652368454286488000
P,Key.backspace,1652368454350466000
R,Key.backspace,1652368454444434000
P,';',1652368454896967000
R,';',1652368454956967000
P,Key.space,1652368455088877000
R,Key.space,1652368455168973000
P,'t',1652368455233385000
R,'t',1652368455322203000
P,'h',1652368455341677000
R,'h',1652368455394702000
P,'a',1652368455452467000
R,'a',1652368455533004000
P,'t',1652368455592735000
R,'t',1652368455673187000
P,Key.space,1652368455699559000
R,Key.space,1652368455794397000
P,'h',1652368456579787000
R,'h',1652368456676965000
P,'i',1652368456851596000
R,'i',1652368456920042000
P,'d',1652368457034693000
R,'d',1652368457095678000
P,Key.backspace,1652368457294154000
R,Key.backspace,1652368457368672000
P,'t',1652368457418627000
R,'t',1652368457483073000
P,'t',1652368457568901000
R,'t',1652368457644897000
P,'i',1652368457668575000
R,'i',1652368457736970000
P,'n',1652368457769624000
P,'g',1652368457849877000
R,'n',1652368457851145000
R,'g',1652368457937655000
P,Key.space,1652368457960970000
R,Key.space,1652368458045882000
P,'s',1652368458077632000
P,'o',1652368458152221000
R,'s',1652368458166886000
R,'o',1652368458223663000
P,'m',1652368458235623000
R,'m',1652368458316108000
P,'e',1652368458330197000
R,'e',1652368458418876000
P,'t',1652368458511061000
P,'h',1652368458582638000
R,'t',1652368458601497000
R,'h',1652368458654980000
P,'i',1652368458733551000
R,'i',1652368458806213000
P,Key.backspace,1652368459019457000
R,Key.backspace,1652368459071488000
P,Key.backspace,1652368459154624000
R,Key.backspace,1652368459206783000
P,Key.backspace,1652368459263276000
R,Key.backspace,1652368459344350000
P,'o',1652368459466520000
R,'o',1652368459523027000
P,'n',1652368459587651000
P,'e',1652368459655752000
R,'n',1652368459661001000
P,Key.space,1652368459745606000
R,'e',1652368459754761000
R,Key.space,1652368459836830000
P,'b',1652368459877337000
R,'b',1652368459936173000
P,'e',1652368459964446000
R,'e',1652368460036887000
P,'c',1652368460098567000
R,'c',1652368460191238000
P,'a',1652368460244271000
R,'a',1652368460334512000
P,'u',1652368460362649000
P,'s',1652368460439686000
R,'u',1652368460440893000
R,'s',1652368460519724000
P,'e',1652368460624483000
R,'e',1652368460701577000
P,Key.space,1652368460727709000
R,Key.space,1652368460819634000
P,'y',1652368460857893000
P,'o',1652368460922762000
R,'y',1652368460945198000
R,'o',1652368460978667000
P,'u',1652368461021397000
R,'u',1652368461100711000
P,Key.space,1652368461112376000
R,Key.space,1652368461197488000
P,'d',1652368461238960000
R,'d',1652368461318608000
P,'o',1652368461344885000
R,'o',1652368461413218000
P,'n',1652368461451450000
R,'n',1652368461531560000
P,"""'""",1652368461629131000
R,"""'""",1652368461701806000
P,'t',1652368461764157000
R,'t',1652368461857751000
P,Key.space,1652368461867660000
R,Key.space,1652368461948497000
P,'l',1652368462016595000
R,'l',1652368462095572000
P,'i',1652368462203367000
R,'i',1652368462264502000
P,'k',1652368462354614000
R,'k',1652368462433561000
P,'e',1652368462451747000
R,'e',1652368462552718000
P,Key.space,1652368462553826000
R,Key.space,1652368462644583000
P,'t',1652368462664168000
R,'t',1652368462748853000
P,'h',1652368462755798000
R,'h',1652368462836439000
P,'a',1652368462870913000
R,'a',1652368462951648000
P,'t',1652368463010082000
R,'t',1652368463077422000
P,Key.space,1652368463100404000
R,Key.space,1652368463236772000
P,Key.backspace,1652368463517558000
R,Key.backspace,1652368463565287000
P,Key.backspace,1652368463646485000
R,Key.backspace,1652368463706684000
P,Key.backspace,1652368463782198000
R,Key.backspace,1652368463850714000
P,Key.backspace,1652368464000401000
R,Key.backspace,1652368464072935000
P,Key.backspace,1652368464128168000
R,Key.backspace,1652368464240092000
P,'w',1652368464282434000
R,'w',1652368464374654000
P,'h',1652368464416542000
P,'a',1652368464488590000
R,'h',1652368464499743000
R,'a',1652368464563866000
P,'t',1652368464635329000
P,Key.space,1652368464722614000
R,'t',1652368464734027000
R,Key.space,1652368464827401000
P,'t',1652368465101425000
R,'t',1652368465185634000
P,'h',1652368465234837000
R,'h',1652368465289770000
P,'e',1652368465360416000
P,'y',1652368465448398000
R,'e',1652368465467110000
R,'y',1652368465516842000
P,Key.space,1652368465567391000
R,Key.space,1652368465655810000
P,'s',1652368465799322000
R,'s',1652368465882383000
P,'a',1652368466011410000
R,'a',1652368466087020000
P,'y',1652368466113495000
R,'y',1652368466174370000
P,Key.space,1652368468070454000
R,Key.space,1652368468161302000
P,'i',1652368468248984000
R,'i',1652368468318813000
P,'s',1652368468352448000
R,'s',1652368468448548000
P,Key.space,1652368468472070000
R,Key.space,1652368468557405000
P,'c',1652368469277317000
R,'c',1652368469373505000
P,'o',1652368469392117000
R,'o',1652368469455552000
P,'m',1652368469498250000
R,'m',1652368469574044000
P,'p',1652368469639130000
R,'p',1652368469702767000
P,'l',1652368469784917000
R,'l',1652368469858334000
P,'e',1652368469886252000
R,'e',1652368469993987000
P,'t',1652368470309629000
R,'t',1652368470365465000
P,'e',1652368470479653000
R,'e',1652368470567471000
P,'l',1652368470582562000
R,'l',1652368470650639000
P,'y',1652368470690058000
R,'y',1652368470782302000
P,Key.space,1652368470783420000
R,Key.space,1652368470862009000
P,'i',1652368470939553000
R,'i',1652368471003494000
P,'n',1652368471044322000
P,'c',1652368471113177000
R,'n',1652368471124252000
R,'c',1652368471205647000
P,'o',1652368471222917000
R,'o',1652368471298296000
P,'r',1652368471362922000
R,'r',1652368471418353000
P,'r',1652368471478453000
R,'r',1652368471566647000
P,'e',1652368471636073000
P,'c',1652368471723940000
R,'e',1652368471728417000
R,'c',1652368471824935000
P,'t',1652368471964179000
P,'.',1652368472047755000
R,'t',1652368472055258000
R,'.',1652368472108353000
P,Key.backspace,1652368475393267000
R,Key.backspace,1652368475465150000
P,Key.shift,1652368475610247000
P,'?',1652368475669743000
R,'?',1652368475765463000
R,Key.shift,1652368475889296000
P,Key.space,1652368479530978000
P,Key.shift,1652368479538730000
R,Key.space,1652368479618736000
P,'H',1652368479729593000
R,Key.shift,1652368479787023000
R,'h',1652368479799124000
P,'e',1652368479891035000
P,Key.space,1652368479962751000
R,'e',1652368479970668000
R,Key.space,1652368480074092000
P,'c',1652368480081758000
R,'c',1652368480187016000
P,'o',1652368480187956000
R,'o',1652368480250718000
P,'u',1652368480358048000
R,'u',1652368480422427000
P,'l',1652368480529805000
P,'d',1652368480585818000
R,'l',1652368480601607000
R,'d',1652368480681836000
P,Key.space,1652368480735736000
R,Key.space,1652368480816306000
P,'h',1652368480855046000
R,'h',1652368480927229000
P,'v',1652368481113997000
R,'v',1652368481206476000
P,'e',1652368481260465000
P,Key.space,1652368481348010000
R,'e',1652368481367870000
R,Key.space,1652368481431897000
P,'h',1652368481507473000
R,'h',1652368481579118000
P,'a',1652368481628827000
R,'a',1652368481706360000
P,'n',1652368481751011000
R,'n',1652368481814729000
P,'d',1652368481848910000
R,'d',1652368481960378000
P,'l',1652368481989150000
R,'l',1652368482062149000
P,'e',1652368482308864000
R,'e',1652368482383860000
P,'d',1652368482558983000
R,'d',1652368482656053000
P,Key.space,1652368482689808000
R,Key.space,1652368482777721000
P,'t',1652368482806097000
P,'h',1652368482884524000
R,'t',1652368482889726000
R,'h',1652368482940893000
P,'i',1652368482989319000
R,'i',1652368483074657000
P,'s',1652368483101680000
R,'s',1652368483193717000
P,Key.space,1652368483199256000
R,Key.space,1652368483289934000
P,'d',1652368483696718000
R,'d',1652368483796928000
P,'i',1652368483831750000
R,'i',1652368483891888000
P,'f',1652368483951773000
R,'f',1652368484002865000
P,'f',1652368484084865000
R,'f',1652368484181083000
P,'e',1652368484251604000
R,'e',1652368484331551000
P,'r',1652368484343023000
R,'r',1652368484439980000
P,'e',1652368484491076000
R,'e',1652368484569869000
P,'n',1652368484589331000
R,'n',1652368484659744000
P,'t',1652368484710703000
R,'t',1652368484799042000
P,'.',1652368484856407000
R,'.',1652368484939475000
P,Key.backspace,1652368485244680000
R,Key.backspace,1652368485319924000
P,'l',1652368485439786000
R,'l',1652368485507669000
P,'y',1652368485522896000
R,'y',1652368485610985000
P,'.',1652368485661522000
R,'.',1652368485705218000
P,Key.cmd,1652368491330439000
P,Key.tab,1652368491477059000
R,Key.tab,1652368491606334000
R,Key.cmd,1652368491618908000
P,Key.ctrl,1652368492913463000
P,'c',1652368494201463000
P,Key.cmd,1652369092787058000
P,Key.tab,1652369092982539000
R,Key.tab,1652369093122521000
R,Key.cmd,1652369093126918000
P,'t',1652369094837876000
R,'t',1652369094911803000
P,'w',1652369095069356000
R,'w',1652369095189885000
P,'i',1652369095227434000
R,'i',1652369095287019000
P,'t',1652369095385447000
R,'t',1652369095444963000
P,'t',1652369095533485000
R,'t',1652369095612517000
P,'r',1652369095867604000
R,'r',1652369095940007000
P,'.',1652369096002338000
R,'.',1652369096069599000
P,'c',1652369096162422000
R,'c',1652369096258446000
P,'o',1652369096266849000
R,'o',1652369096329586000
P,'m',1652369096369113000
R,'m',1652369096429110000
P,Key.backspace,1652369096654454000
R,Key.backspace,1652369096710817000
P,Key.backspace,1652369096810338000
R,Key.backspace,1652369096870667000
P,Key.backspace,1652369096951392000
R,Key.backspace,1652369097023303000
P,Key.backspace,1652369097093213000
R,Key.backspace,1652369097205632000
P,'e',1652369097538283000
R,'e',1652369097654666000
P,'t',1652369097744439000
R,'t',1652369097844559000
P,'.',1652369097863466000
R,'.',1652369097930621000
P,Key.backspace,1652369098259388000
R,Key.backspace,1652369098306296000
P,Key.backspace,1652369098378475000
R,Key.backspace,1652369098454553000
P,Key.backspace,1652369098534995000
R,Key.backspace,1652369098591743000
P,Key.backspace,1652369098649292000
R,Key.backspace,1652369098756459000
P,'e',1652369098773315000
R,'e',1652369098869746000
P,'t',1652369098929128000
R,'t',1652369099038788000
P,'.',1652369099347376000
R,'.',1652369099423654000
P,Key.backspace,1652369099683288000
R,Key.backspace,1652369099726375000
P,Key.backspace,1652369099812154000
R,Key.backspace,1652369099891838000
P,'r',1652369099942743000
R,'r',1652369100023753000
P,'.',1652369100108302000
R,'.',1652369100171761000
P,'c',1652369100309186000
R,'c',1652369100380329000
P,'o',1652369100419148000
R,'o',1652369100486557000
P,'m',1652369100540211000
R,'m',1652369100588510000
P,Key.enter,1652369100798229000
R,Key.enter,1652369100866908000
P,Key.shift,1652369137264169000
P,'I',1652369137324681000
R,'I',1652369137391428000
R,Key.shift,1652369137432451000
P,Key.space,1652369137453774000
R,Key.space,1652369137573534000
P,'t',1652369138230545000
P,'h',1652369138312109000
R,'t',1652369138330606000
R,'h',1652369138407836000
P,'i',1652369138458721000
R,'i',1652369138539157000
P,'n',1652369138565576000
R,'n',1652369138671941000
P,'k',1652369138675587000
R,'k',1652369138749151000
P,Key.space,1652369138796624000
P,Key.shift,1652369138872886000
R,Key.space,1652369138899430000
P,'P',1652369138991678000
R,Key.shift,1652369139056726000
R,'p',1652369139063946000
P,'r',1652369139108552000
R,'r',1652369139185105000
P,'e',1652369139286665000
R,'e',1652369139367100000
P,'s',1652369139596656000
R,'s',1652369139695054000
P,'i',1652369139790615000
R,'i',1652369139862923000
P,'d',1652369139878599000
R,'d',1652369139946942000
P,'e',1652369140030903000
R,'e',1652369140099478000
P,'n',1652369140134920000
R,'n',1652369140202635000
P,'t',1652369140245306000
R,'t',1652369140331728000
P,Key.space,1652369140359483000
R,Key.space,1652369140431667000
P,Key.shift,1652369140529822000
P,'B',1652369140806962000
R,'B',1652369140878686000
R,Key.shift,1652369140886962000
P,'i',1652369141012448000
R,'i',1652369141072862000
P,'d',1652369141203519000
R,'d',1652369141279345000
P,'e',1652369141395191000
R,'e',1652369141469948000
P,'n',1652369141513473000
R,'n',1652369141585821000
P,Key.space,1652369141622632000
R,Key.space,1652369141740156000
P,'s',1652369141761783000
R,'s',1652369141841206000
P,'h',1652369141863674000
R,'h',1652369141932685000
P,'o',1652369142018714000
R,'o',1652369142098493000
P,'u',1652369142205872000
R,'u',1652369142270025000
P,'l',1652369142382419000
R,'l',1652369142451153000
P,'d',1652369142488725000
P,Key.space,1652369142531618000
R,'d',1652369142560822000
R,Key.space,1652369142620810000
P,'j',1652369142712091000
R,'j',1652369142795645000
P,'u',1652369142901365000
P,'s',1652369142952848000
R,'u',1652369142972607000
R,'s',1652369143041775000
P,'t',1652369143098571000
R,'t',1652369143178711000
P,Key.space,1652369143179803000
R,Key.space,1652369143255236000
P,'s',1652369143313143000
R,'s',1652369143417841000
P,'e',1652369143495236000
R,'e',1652369143579739000
P,'n',1652369143612002000
P,'d',1652369143697133000
R,'n',1652369143701255000
R,'d',1652369143773828000
P,Key.space,1652369143774638000
R,Key.space,1652369143875315000
P,'m',1652369143929970000
R,'m',1652369144000948000
P,'o',1652369144049013000
R,'o',1652369144125808000
P,'r',1652369144145167000
R,'r',1652369144200127000
P,'e',1652369144297187000
R,'e',1652369144369552000
P,Key.space,1652369144378131000
R,Key.space,1652369144457720000
P,'t',1652369146555655000
R,'t',1652369146623840000
P,'h',1652369146666295000
R,'h',1652369146750463000
P,'a',1652369146767418000
R,'a',1652369146847853000
P,'n',1652369146912192000
R,'n',1652369146963477000
P,Key.space,1652369147016664000
R,Key.space,1652369147096253000
P,'w',1652369147320571000
R,'w',1652369147404772000
P,'o',1652369147615692000
R,'o',1652369147679644000
P,'r',1652369147712966000
R,'r',1652369147777701000
P,'d',1652369147882796000
R,'d',1652369147984196000
P,'s',1652369148072546000
R,'s',1652369148163380000
P,Key.space,1652369148220458000
R,Key.space,1652369148314618000
P,'t',1652369148331162000
R,'t',1652369148426687000
P,'o',1652369148471940000
R,'o',1652369148544625000
P,Key.space,1652369148575299000
R,Key.space,1652369148683409000
P,Key.backspace,1652369149052519000
R,Key.backspace,1652369149137046000
P,'w',1652369149217235000
R,'w',1652369149313789000
P,'a',1652369149389583000
R,'a',1652369149469725000
P,'r',1652369149547421000
R,'r',1652369149619697000
P,'d',1652369149719327000
R,'d',1652369149823710000
P,'s',1652369149936446000
R,'s',1652369149979484000
P,Key.space,1652369150036802000
R,Key.space,1652369150099650000
P,Key.shift,1652369151202481000
P,'U',1652369151430325000
R,'U',1652369151510409000
R,Key.shift,1652369151626913000
P,'k',1652369151779296000
R,'k',1652369151843452000
P,'r',1652369152016160000
R,'r',1652369152095701000
P,'a',1652369152234420000
R,'a',1652369152269863000
P,'i',1652369152354390000
R,'i',1652369152410216000
P,'n',1652369152448077000
R,'n',1652369152536563000
P,'e',1652369152555308000
R,'e',1652369152631432000
P,'.',1652369152704251000
R,'.',1652369152767919000
P,Key.space,1652369152818277000
R,Key.space,1652369152906661000
P,Key.shift,1652369153316255000
P,'T',1652369153459756000
R,Key.shift,1652369153529316000
R,'t',1652369153568136000
P,'o',1652369153572722000
R,'o',1652369153644488000
P,Key.space,1652369153676050000
R,Key.space,1652369153788823000
P,'t',1652369153871837000
R,'t',1652369153958396000
P,'h',1652369153983858000
R,'h',1652369154067369000
P,'i',1652369154115255000
R,'i',1652369154200464000
P,'n',1652369154228628000
P,'k',1652369154307364000
R,'n',1652369154339559000
R,'k',1652369154406237000
P,Key.space,1652369154458931000
R,Key.space,1652369154555316000
P,'t',1652369154608616000
R,'t',1652369154697423000
P,'h',1652369154715963000
R,'h',1652369154796747000
P,'a',1652369154840199000
R,'a',1652369154900383000
P,'t',1652369154995031000
R,'t',1652369155074839000
P,Key.space,1652369155099847000
R,Key.space,1652369155196171000
P,'w',1652369155255210000
R,'w',1652369155330344000
P,'e',1652369155397184000
R,'e',1652369155493527000
P,Key.space,1652369155508519000
R,Key.space,1652369155585779000
P,Key.backspace,1652369155967197000
R,Key.backspace,1652369156026729000
P,Key.backspace,1652369156102403000
R,Key.backspace,1652369156173672000
P,Key.backspace,1652369156241664000
R,Key.backspace,1652369156358215000
P,'n',1652369156817179000
R,'n',1652369156917296000
P,'a',1652369156942855000
R,'a',1652369157040777000
P,'t',1652369157130043000
P,'i',1652369157221979000
R,'t',1652369157225603000
R,'i',1652369157279652000
P,'o',1652369157369080000
R,'o',1652369157454918000
P,'n',1652369157464007000
P,'s',1652369157560609000
R,'n',1652369157579929000
R,'s',1652369157656196000
P,Key.space,1652369157688650000
R,Key.space,1652369157791977000
P,'w',1652369157831110000
R,'w',1652369157919395000
P,'h',1652369157941145000
R,'h',1652369158017486000
P,'o',1652369158095466000
R,'o',1652369158176177000
P,Key.space,1652369158229925000
R,Key.space,1652369158313925000
P,'s',1652369158619194000
R,'s',1652369158711580000
P,'i',1652369158788348000
R,'i',1652369158848107000
P,'g',1652369158916867000
R,'g',1652369159017356000
P,'n',1652369159134745000
R,'n',1652369159198949000
P,Key.space,1652369159237215000
R,Key.space,1652369159353151000
P,'u',1652369159460920000
R,'u',1652369159508311000
P,'p',1652369159636968000
R,'p',1652369159708373000
P,Key.space,1652369159762310000
R,Key.space,1652369159867165000
P,'f',1652369159911067000
R,'f',1652369159998715000
P,'r',1652369160120023000
P,'o',1652369160177009000
R,'r',1652369160202683000
R,'o',1652369160239538000
P,Key.backspace,1652369160487959000
R,Key.backspace,1652369160532779000
P,Key.backspace,1652369160590990000
R,Key.backspace,1652369160667022000
P,'o',1652369160793775000
R,'o',1652369160846109000
P,'r',1652369160891005000
R,'r',1652369160999373000
P,Key.space,1652369161020464000
R,Key.space,1652369161113169000
P,Key.shift,1652369161187231000
P,'N',1652369161278557000
R,'N',1652369161346867000
P,'A',1652369161562891000
R,'A',1652369161662739000
P,'T',1652369161786997000
R,'T',1652369161858597000
P,'O',1652369161929958000
R,'O',1652369161981330000
P,Key.space,1652369162021726000
R,Key.space,1652369162098544000
R,Key.shift,1652369162118563000
P,'c',1652369162561983000
R,'c',1652369162646297000
P,'n',1652369162869036000
R,'n',1652369162920855000
P,'n',1652369162988938000
R,'n',1652369163044121000
P,'o',1652369163142318000
R,'o',1652369163207141000
P,'t',1652369163324949000
R,'t',1652369163424281000
P,Key.backspace,1652369163577887000
R,Key.backspace,1652369163633100000
P,Key.backspace,1652369163711809000
R,Key.backspace,1652369163779454000
P,Key.backspace,1652369163856079000
R,Key.backspace,1652369163915845000
P,Key.backspace,1652369163996659000
R,Key.backspace,1652369164076952000
P,'a',1652369164167474000
R,'a',1652369164224307000
P,'n',1652369164301682000
R,'n',1652369164348729000
P,'n',1652369164441584000
R,'n',1652369164506211000
P,'o',1652369164595368000
R,'o',1652369164663994000
P,'t',1652369164740636000
R,'t',1652369164816852000
P,Key.space,1652369164829690000
R,Key.space,1652369164906292000
P,'r',1652369173748473000
R,'r',1652369173805826000
P,'e',1652369173897786000
R,'e',1652369173994005000
P,'c',1652369174043162000
R,'c',1652369174144161000
P,'e',1652369174214051000
R,'e',1652369174289103000
P,'i',1652369174347416000
R,'i',1652369174410834000
P,'v',1652369174446036000
R,'v',1652369174538200000
P,'e',1652369174618797000
R,'e',1652369174723373000
P,Key.space,1652369174757004000
R,Key.space,1652369174849009000
P,'s',1652369175512013000
R,'s',1652369175584147000
P,'u',1652369175630832000
R,'u',1652369175687003000
P,'p',1652369175832858000
R,'p',1652369175884052000
P,'p',1652369175947778000
R,'p',1652369176008037000
P,'o',1652369176085755000
R,'o',1652369176162491000
P,'r',1652369176196807000
R,'r',1652369176277461000
P,'t',1652369176374954000
P,Key.space,1652369176470693000
R,'t',1652369176474758000
R,Key.space,1652369176563441000
P,'i',1652369176644671000
R,'i',1652369176709716000
P,'n',1652369176770576000
R,'n',1652369176851137000
P,Key.space,1652369176869176000
R,Key.space,1652369176951778000
P,'t',1652369177024486000
R,'t',1652369177100418000
P,'h',1652369177131902000
R,'h',1652369177200005000
P,'e',1652369177232749000
P,Key.space,1652369177308639000
R,'e',1652369177327543000
R,Key.space,1652369177413136000
P,'e',1652369177443623000
R,'e',1652369177524137000
P,'v',1652369177608660000
R,'v',1652369177700961000
P,'e',1652369177749724000
P,'n',1652369177848669000
R,'e',1652369177852203000
R,'n',1652369177908948000
P,'t',1652369177959565000
P,Key.space,1652369178022615000
R,'t',1652369178042759000
R,Key.space,1652369178116664000
P,'o',1652369178165739000
R,'o',1652369178246474000
P,'f',1652369178265912000
R,'f',1652369178337755000
P,Key.space,1652369178344889000
R,Key.space,1652369178430272000
P,'a',1652369178508806000
P,'n',1652369178556852000
R,'a',1652369178560162000
R,'n',1652369178624965000
P,Key.space,1652369178653243000
R,Key.space,1652369178748947000
P,'i',1652369179386579000
R,'i',1652369179442936000
P,'n',1652369179492577000
R,'n',1652369179572746000
P,'v',1652369179605778000
R,'v',1652369179684969000
P,'a',1652369179809484000
R,'a',1652369179870370000
P,'s',1652369180030351000
R,'s',1652369180115086000
P,'i',1652369180123158000
R,'i',1652369180175887000
P,'o',1652369180276685000
R,'o',1652369180345147000
P,'n',1652369180381598000
R,'n',1652369180458512000
P,Key.space,1652369180607557000
R,Key.space,1652369180739971000
P,'i',1652369180823493000
R,'i',1652369180891785000
P,'s',1652369180927438000
R,'s',1652369181019684000
P,Key.space,1652369181028609000
R,Key.space,1652369181110960000
P,'m',1652369181254800000
R,'m',1652369181315007000
P,'i',1652369181389487000
R,'i',1652369181465818000
P,'n',1652369181554648000
R,'n',1652369181623044000
P,'d',1652369181680678000
R,'d',1652369181768971000
P,'-',1652369182284743000
R,'-',1652369182344992000
P,'b',1652369182699391000
R,'b',1652369182763855000
P,'l',1652369182908703000
R,'l',1652369182985040000
P,'o',1652369183072599000
R,'o',1652369183135962000
P,'w',1652369183199766000
R,'w',1652369183299746000
P,'i',1652369183618564000
R,'i',1652369183685791000
P,'n',1652369183736406000
R,'n',1652369183813187000
P,'g',1652369183819813000
R,'g',1652369183892960000
P,'.',1652369183963640000
R,'.',1652369184026872000
P,'j',1652369214541927000
R,'j',1652369214670120000
P,Key.backspace,1652369214970104000
R,Key.backspace,1652369215041999000
P,Key.space,1652369215278919000
R,Key.space,1652369215363683000
P,'j',1652369259396400000
R,'j',1652369259506080000
P,'r',1652369259594615000
R,'r',1652369259722978000
P,Key.backspace,1652369259866963000
R,Key.backspace,1652369259930205000
P,Key.backspace,1652369260007732000
R,Key.backspace,1652369260083313000
P,Key.shift,1652369260791799000
P,'T',1652369261011590000
R,Key.shift,1652369261046214000
R,'t',1652369261095748000
P,'h',1652369261115450000
R,'h',1652369261175620000
P,'e',1652369261240795000
R,'e',1652369261308784000
P,'h',1652369270988261000
R,'h',1652369271080423000
P,'f',1652369271151742000
R,'f',1652369271307822000
P,Key.backspace,1652369271430870000
R,Key.backspace,1652369271492307000
P,Key.backspace,1652369271606702000
R,Key.backspace,1652369271654407000
P,Key.backspace,1652369271731858000
R,Key.backspace,1652369271836990000
P,Key.backspace,1652369272232651000
R,Key.backspace,1652369272281101000
P,Key.backspace,1652369272373602000
R,Key.backspace,1652369272437910000
P,'j',1652369280125946000
R,'j',1652369280218803000
P,'f',1652369280295239000
P,'e',1652369280342756000
R,'f',1652369280427305000
R,'e',1652369280455876000
P,'=',1652369280555912000
R,'=',1652369280607890000
P,Key.backspace,1652369280707514000
R,Key.backspace,1652369280766603000
P,Key.backspace,1652369280849516000
R,Key.backspace,1652369280929571000
P,Key.backspace,1652369281002273000
R,Key.backspace,1652369281070920000
P,Key.backspace,1652369281135008000
R,Key.backspace,1652369281251823000
P,'e',1652369291000549000
R,'e',1652369291204948000
P,Key.backspace,1652369291411166000
R,Key.backspace,1652369291491033000
P,Key.backspace,1652369291553516000
R,Key.backspace,1652369291648854000
P,Key.space,1652369292064717000
R,Key.space,1652369292161739000
P,Key.shift,1652369297246254000
P,'E',1652369297434295000
R,Key.shift,1652369297480833000
R,'e',1652369297542573000
P,'s',1652369297629010000
R,'s',1652369297724904000
P,'p',1652369297737641000
R,'p',1652369297813742000
P,'e',1652369297850335000
R,'e',1652369297918576000
P,'c',1652369297955458000
R,'c',1652369298087494000
P,'i',1652369298113092000
R,'i',1652369298181143000
P,'a',1652369298192904000
R,'a',1652369298265455000
P,Key.backspace,1652369298575057000
R,Key.backspace,1652369298631777000
P,Key.backspace,1652369298697708000
R,Key.backspace,1652369298765386000
P,Key.backspace,1652369298854339000
R,Key.backspace,1652369298910357000
P,Key.backspace,1652369299003540000
R,Key.backspace,1652369299071262000
P,Key.backspace,1652369299147390000
R,Key.backspace,1652369299211865000
P,Key.backspace,1652369299294254000
R,Key.backspace,1652369299350349000
P,Key.backspace,1652369299427973000
R,Key.backspace,1652369299474418000
P,Key.backspace,1652369299544978000
R,Key.backspace,1652369299609440000
P,Key.space,1652369300120164000
R,Key.space,1652369300208342000
P,Key.shift,1652369300255331000
P,'A',1652369300762953000
R,Key.shift,1652369300887659000
R,'a',1652369300888731000
P,'m',1652369300934023000
R,'m',1652369301010090000
P,'e',1652369301078165000
R,'e',1652369301178386000
P,'r',1652369301233830000
R,'r',1652369301297429000
P,'i',1652369301333220000
R,'i',1652369301401319000
P,'c',1652369301458068000
R,'c',1652369301546134000
P,'a',1652369301587130000
R,'a',1652369301698802000
P,Key.space,1652369301707326000
R,Key.space,1652369301787508000
P,'n',1652369301873680000
R,'n',1652369301938547000
P,'e',1652369301969300000
R,'e',1652369302043969000
P,'e',1652369302109031000
R,'e',1652369302237366000
P,'d',1652369302275131000
R,'d',1652369302375127000
P,'s',1652369302459824000
R,'s',1652369302560151000
P,Key.space,1652369302560939000
R,Key.space,1652369302644428000
P,'t',1652369302695991000
R,'t',1652369302761502000
P,'o',1652369302778349000
R,'o',1652369302843058000
P,Key.space,1652369302868982000
R,Key.space,1652369302960964000
P,'s',1652369303072160000
R,'s',1652369303176062000
P,'t',1652369303258699000
R,'t',1652369303355409000
P,'e',1652369303484001000
R,'e',1652369303600331000
P,'u',1652369304077834000
R,'u',1652369304134161000
P,Key.backspace,1652369304380228000
R,Key.backspace,1652369304447296000
P,'p',1652369304589124000
R,'p',1652369304661348000
P,Key.space,1652369304713013000
R,Key.space,1652369304793242000
P,'u',1652369304942312000
R,'u',1652369305011415000
P,'p',1652369305103559000
R,'p',1652369305179350000
P,Key.space,1652369305222267000
R,Key.space,1652369305313852000
P,'t',1652369305383522000
P,'o',1652369305475996000
R,'t',1652369305476927000
R,'o',1652369305527376000
P,Key.space,1652369305568046000
R,Key.space,1652369305664166000
P,'t',1652369305995123000
R,'t',1652369306058417000
P,'h',1652369306104062000
R,'h',1652369306168559000
P,'e',1652369306221315000
R,'e',1652369306317159000
P,Key.space,1652369306664031000
R,Key.space,1652369306764017000
P,'b',1652369307007878000
R,'b',1652369307067955000
P,Key.backspace,1652369307369981000
R,Key.backspace,1652369307428355000
P,'p',1652369307603427000
R,'p',1652369307680200000
P,'l',1652369307786099000
R,'l',1652369307858175000
P,'a',1652369307914773000
R,'a',1652369308025221000
P,'t',1652369308076542000
R,'t',1652369308165014000
P,'e',1652369308263795000
R,'e',1652369308364216000
P,Key.space,1652369308399834000
R,Key.space,1652369308468083000
P,'a',1652369313194425000
R,'a',1652369313264209000
P,'n',1652369313289198000
R,'n',1652369313352921000
P,'d',1652369313364028000
R,'d',1652369313464547000
P,Key.space,1652369313472413000
R,Key.space,1652369313572693000
P,'s',1652369313705280000
R,'s',1652369313806458000
P,'t',1652369313897726000
R,'t',1652369313994237000
P,'o',1652369314017037000
R,'o',1652369314060267000
P,'p',1652369314140176000
R,'p',1652369314212688000
P,Key.space,1652369314259659000
R,Key.space,1652369314343798000
P,'d',1652369314888884000
R,'d',1652369314981220000
P,'r',1652369315099788000
R,'r',1652369315180218000
P,'a',1652369315269917000
R,'a',1652369315346061000
P,'g',1652369315475999000
R,'g',1652369315532223000
P,'g',1652369315604668000
R,'g',1652369315690107000
P,'i',1652369315712117000
R,'i',1652369315789304000
P,'n',1652369315844532000
P,'g',1652369315883303000
R,'n',1652369315920677000
R,'g',1652369315989071000
P,Key.space,1652369316019762000
R,Key.space,1652369316124122000
P,'i',1652369316173950000
R,'i',1652369316242341000
P,'t',1652369316269192000
R,'t',1652369316345075000
P,'s',1652369316459606000
P,Key.space,1652369316547470000
R,'s',1652369316567416000
R,Key.space,1652369316636137000
P,'g',1652369316951987000
R,'g',1652369317043660000
P,Key.backspace,1652369317508844000
R,Key.backspace,1652369317579897000
P,'f',1652369317656663000
R,'f',1652369317730006000
P,'e',1652369317835264000
R,'e',1652369317898981000
P,'e',1652369317981829000
R,'e',1652369318106186000
P,'e',1652369318179831000
R,'e',1652369318263942000
P,Key.backspace,1652369318582792000
R,Key.backspace,1652369318662698000
P,'t',1652369318738320000
P,Key.space,1652369318831849000
R,'t',1652369318836657000
R,Key.space,1652369318911496000
P,'i',1652369320132796000
R,'i',1652369320192759000
P,'n',1652369320248013000
R,'n',1652369320321865000
P,Key.space,1652369320327662000
P,'t',1652369320408412000
R,Key.space,1652369320435254000
R,'t',1652369320473418000
P,'e',1652369320705642000
R,'e',1652369320813734000
P,'r',1652369320866400000
R,'r',1652369320945942000
P,'m',1652369320968748000
R,'m',1652369321047820000
P,'s',1652369321101617000
P,Key.space,1652369321165118000
R,'s',1652369321176429000
R,Key.space,1652369321261997000
P,'o',1652369321324382000
R,'o',1652369321383274000
P,'f',1652369321395314000
P,Key.space,1652369321471412000
R,'f',1652369321479344000
R,Key.space,1652369321555737000
P,'s',1652369321611940000
P,'u',1652369321671910000
R,'s',1652369321703221000
R,'u',1652369321731976000
P,'p',1652369321869626000
R,'p',1652369321920706000
P,'p',1652369321988762000
R,'p',1652369322064934000
P,'o',1652369322141737000
R,'o',1652369322227799000
P,'r',1652369322270189000
R,'r',1652369322381965000
P,'t',1652369322891700000
R,'t',1652369322991790000
P,'t',1652369323342504000
R,'t',1652369323417445000
P,Key.backspace,1652369323737635000
R,Key.backspace,1652369323806217000
P,'/',1652369323954261000
R,'/',1652369324021977000
P,Key.backspace,1652369324606484000
R,Key.backspace,1652369324683259000
P,'.',1652369324961477000
R,'.',1652369325028740000
P,Key.cmd,1652369328891402000
P,Key.tab,1652369329026210000
R,Key.cmd,1652369329155446000
R,Key.tab,1652369329168549000
P,Key.ctrl,1652369330205921000
P,'c',1652369330508252000
P,Key.ctrl,1652370015614814000
P,'c',1652370016142369000
P,Key.cmd,1652370476186305000
P,Key.tab,1652370476305651000
R,Key.cmd,1652370476466535000
R,Key.tab,1652370476468618000
P,Key.cmd,1652370478163868000
P,Key.tab,1652370478315713000
R,Key.cmd,1652370478403740000
R,Key.tab,1652370478430894000
P,Key.cmd,1652370482190942000
P,Key.tab,1652370482626714000
R,Key.cmd,1652370482758969000
R,Key.tab,1652370482760054000
P,'t',1652370485106021000
R,'t',1652370485205631000
P,'w',1652370485331667000
R,'w',1652370485435006000
P,'i',1652370485456567000
R,'i',1652370485520027000
P,'t',1652370485624111000
R,'t',1652370485682015000
P,'t',1652370485776519000
R,'t',1652370485861070000
P,'e',1652370485974538000
R,'e',1652370486049630000
P,'r',1652370486119921000
R,'r',1652370486222965000
P,'.',1652370486658745000
R,'.',1652370486729701000
P,'c',1652370486815235000
R,'c',1652370486907160000
P,'o',1652370486930427000
R,'o',1652370487004587000
P,'m',1652370487030420000
R,'m',1652370487109118000
P,Key.enter,1652370487309476000
R,Key.enter,1652370487352466000
P,Key.shift,1652370499644192000
P,'I',1652370499706230000
R,'I',1652370499781149000
R,Key.shift,1652370499825833000
P,Key.space,1652370499828985000
P,'t',1652370499945791000
R,Key.space,1652370499949255000
R,'t',1652370500038717000
P,'h',1652370500054454000
R,'h',1652370500154906000
P,'i',1652370500209687000
R,'i',1652370500305980000
P,'n',1652370500424377000
R,'n',1652370500544630000
P,'k',1652370500581800000
R,'k',1652370500660480000
P,Key.space,1652370500690560000
R,Key.space,1652370500807645000
P,Key.shift,1652370500852281000
P,'W',1652370501308642000
R,Key.shift,1652370501416228000
R,'w',1652370501428574000
P,'i',1652370501475428000
R,'i',1652370501531639000
P,'l',1652370501670765000
R,'l',1652370501718679000
P,'l',1652370501804080000
R,'l',1652370501876748000
P,Key.space,1652370501952603000
P,Key.shift,1652370501991456000
R,Key.space,1652370502040305000
P,'S',1652370502087656000
P,'M',1652370502204485000
R,Key.shift,1652370502207717000
R,'s',1652370502235345000
R,'m',1652370502259326000
P,'i',1652370502387407000
R,'i',1652370502443752000
P,'t',1652370502508474000
R,'t',1652370502588615000
P,'h',1652370502607329000
R,'h',1652370502665372000
P,Key.space,1652370502715131000
R,Key.space,1652370502822686000
P,Key.backspace,1652370503165091000
R,Key.backspace,1652370503219766000
P,Key.backspace,1652370503298489000
R,Key.backspace,1652370503364677000
P,Key.backspace,1652370503459412000
R,Key.backspace,1652370503520723000
P,Key.backspace,1652370503618172000
R,Key.backspace,1652370503673898000
P,Key.backspace,1652370504003216000
R,Key.backspace,1652370504051536000
P,'m',1652370504271287000
R,'m',1652370504339557000
P,'i',1652370504469511000
R,'i',1652370504537853000
P,'t',1652370504653770000
R,'t',1652370504725536000
P,'h',1652370504778652000
R,'h',1652370504833835000
P,Key.space,1652370504945184000
R,Key.space,1652370505039321000
P,'j',1652370517060171000
R,'j',1652370517141862000
P,Key.backspace,1652370517412464000
R,Key.backspace,1652370517467293000
P,Key.backspace,1652370517555330000
R,Key.backspace,1652370517622997000
P,Key.space,1652370517834445000
R,Key.space,1652370517918613000
P,'w',1652370519443335000
R,'w',1652370519538508000
P,'i',1652370519554264000
R,'i',1652370519614292000
P,Key.backspace,1652370519827304000
R,Key.backspace,1652370519899355000
P,Key.backspace,1652370519983103000
R,Key.backspace,1652370520109415000
P,'h',1652370527904814000
P,'e',1652370527907353000
R,'h',1652370528022047000
R,'e',1652370528110858000
P,Key.backspace,1652370528298302000
R,Key.backspace,1652370528362052000
P,Key.backspace,1652370528431545000
R,Key.backspace,1652370528506253000
P,'c',1652370529077295000
R,'c',1652370529177423000
P,'o',1652370529209932000
R,'o',1652370529269052000
P,'u',1652370529380462000
R,'u',1652370529423842000
P,'l',1652370529563371000
R,'l',1652370529643828000
P,'d',1652370529654820000
R,'d',1652370529744212000
P,Key.space,1652370529760714000
R,Key.space,1652370529829442000
P,'h',1652370529905999000
R,'h',1652370529957740000
P,'v',1652370530223218000
R,'v',1652370530299487000
P,'e',1652370530393756000
R,'e',1652370530479403000
P,Key.space,1652370530493062000
R,Key.space,1652370530555680000
P,Key.backspace,1652370530720193000
R,Key.backspace,1652370530773927000
P,Key.backspace,1652370530866271000
R,Key.backspace,1652370530901804000
P,Key.backspace,1652370530962586000
P,'a',1652370531067491000
R,Key.backspace,1652370531078863000
R,'a',1652370531159149000
P,'v',1652370531273063000
R,'v',1652370531373227000
P,'e',1652370531464284000
R,'e',1652370531555725000
P,Key.space,1652370531573934000
R,Key.space,1652370531643785000
P,'h',1652370532170085000
R,'h',1652370532229227000
P,'a',1652370532313242000
R,'a',1652370532397823000
P,'d',1652370532523113000
R,'d',1652370532635203000
P,Key.space,1652370532639190000
R,Key.space,1652370532727368000
P,Key.backspace,1652370532974248000
R,Key.backspace,1652370533028422000
P,Key.backspace,1652370533122816000
R,Key.backspace,1652370533177186000
P,Key.backspace,1652370533254762000
R,Key.backspace,1652370533315401000
P,Key.backspace,1652370533380132000
R,Key.backspace,1652370533484534000
P,'h',1652370533791218000
R,'h',1652370533855154000
P,'a',1652370533935957000
R,'a',1652370534012318000
P,'d',1652370534044519000
R,'d',1652370534136341000
P,Key.space,1652370534160457000
R,Key.space,1652370534226059000
P,'=',1652370534447221000
R,'=',1652370534494146000
P,'=',1652370534599631000
R,'=',1652370534647436000
P,'=',1652370534753023000
R,'=',1652370534816716000
P,Key.backspace,1652370534946137000
R,Key.backspace,1652370535030457000
P,Key.backspace,1652370535090095000
R,Key.backspace,1652370535179362000
P,Key.backspace,1652370535260121000
R,Key.backspace,1652370535338082000
P,Key.backspace,1652370535428011000
R,Key.backspace,1652370535483590000
P,Key.backspace,1652370535577221000
R,Key.backspace,1652370535633920000
P,Key.backspace,1652370535719018000
R,Key.backspace,1652370535770585000
P,Key.backspace,1652370535854076000
R,Key.backspace,1652370535921103000
P,'h',1652370536569093000
R,'h',1652370536633190000
P,'a',1652370536687900000
R,'a',1652370536760376000
P,'d',1652370536800137000
R,'d',1652370536888185000
P,'=',1652370537000881000
R,'=',1652370537048554000
P,Key.backspace,1652370537307986000
R,Key.backspace,1652370537396123000
P,Key.backspace,1652370537473777000
R,Key.backspace,1652370537550471000
P,Key.backspace,1652370537638766000
R,Key.backspace,1652370537703421000
P,Key.backspace,1652370537767304000
R,Key.backspace,1652370537880059000
P,'f',1652370545046066000
P,'h',1652370545205553000
R,'f',1652370545228838000
P,'e',1652370545236826000
R,'h',1652370545294278000
R,'e',1652370545398398000
P,Key.backspace,1652370545519139000
R,Key.backspace,1652370545575531000
P,Key.backspace,1652370545657856000
R,Key.backspace,1652370545725572000
P,Key.backspace,1652370545813046000
R,Key.backspace,1652370545877553000
P,'h',1652370546180906000
R,'h',1652370546259627000
P,'a',1652370546347863000
R,'a',1652370546448185000
P,'v',1652370546515929000
R,'v',1652370546636590000
P,'e',1652370546659131000
R,'e',1652370546763956000
P,Key.space,1652370546776880000
R,Key.space,1652370546864973000
P,Key.backspace,1652370547814494000
R,Key.backspace,1652370547858136000
P,Key.backspace,1652370547939601000
R,Key.backspace,1652370548031496000
P,Key.backspace,1652370548133070000
R,Key.backspace,1652370548197100000
P,Key.backspace,1652370548280966000
R,Key.backspace,1652370548380012000
P,Key.backspace,1652370548647264000
R,Key.backspace,1652370548733177000
P,'h',1652370552798065000
R,'h',1652370552851073000
P,'a',1652370552926243000
R,'a',1652370552994895000
P,'n',1652370553054460000
R,'n',1652370553130203000
P,'d',1652370553208697000
R,'d',1652370553314197000
P,'l',1652370553354524000
R,'l',1652370553425968000
P,'e',1652370553529076000
R,'e',1652370553621508000
P,Key.space,1652370553652342000
R,Key.space,1652370553736473000
P,'d',1652370553740723000
R,'d',1652370553832430000
P,Key.space,1652370553877321000
R,Key.space,1652370553953583000
P,Key.backspace,1652370554647583000
R,Key.backspace,1652370554694958000
P,Key.backspace,1652370554760404000
R,Key.backspace,1652370554836556000
P,Key.backspace,1652370554899213000
R,Key.backspace,1652370554987883000
P,'d',1652370555068417000
R,'d',1652370555158972000
P,Key.space,1652370555164234000
R,Key.space,1652370555247321000
P,'t',1652370555342745000
R,'t',1652370555418596000
P,'h',1652370555433504000
R,'h',1652370555501685000
P,'i',1652370555555404000
R,'i',1652370555641446000
P,'s',1652370555642759000
R,'s',1652370555724566000
P,Key.space,1652370555755279000
R,Key.space,1652370555835576000
P,'c',1652370555853509000
R,'c',1652370555957936000
P,'o',1652370555958640000
R,'o',1652370556017173000
P,'m',1652370556072194000
R,'m',1652370556143845000
P,'p',1652370556266171000
R,'p',1652370556285673000
P,'l',1652370556399174000
R,'l',1652370556459225000
P,'e',1652370556536513000
R,'e',1652370556641655000
P,'t',1652370556712212000
R,'t',1652370556788712000
P,'e',1652370556891176000
R,'e',1652370556958079000
P,'l',1652370556998605000
R,'l',1652370557062404000
P,'y',1652370557092394000
R,'y',1652370557187588000
P,Key.space,1652370557202186000
R,Key.space,1652370557279168000
P,'d',1652370559321411000
R,'d',1652370559405309000
P,'i',1652370559448126000
R,'i',1652370559505223000
P,'f',1652370559576014000
R,'f',1652370559636516000
P,'f',1652370559697232000
R,'f',1652370559796280000
P,'e',1652370559876303000
R,'e',1652370559960691000
P,'r',1652370559995940000
R,'r',1652370560086033000
P,'e',1652370560164995000
R,'e',1652370560233885000
P,'n',1652370560324064000
R,'n',1652370560387278000
P,'t',1652370560437124000
R,'t',1652370560521496000
P,'l',1652370560555979000
R,'l',1652370560612053000
P,'y',1652370560674128000
R,'y',1652370560761954000
P,Key.space,1652370560773878000
R,Key.space,1652370560862239000
P,Key.backspace,1652370561299025000
R,Key.backspace,1652370561375540000
P,'.',1652370561566132000
R,'.',1652370561625120000
P,Key.space,1652370561716398000
R,Key.space,1652370561793747000
P,'h',1652370584446583000
P,'k',1652370584473566000
R,'h',1652370584674533000
R,'k',1652370584678682000
P,Key.backspace,1652370585064705000
R,Key.backspace,1652370585152418000
P,Key.backspace,1652370585222419000
R,Key.backspace,1652370585347054000
P,'e',1652370598725017000
R,'e',1652370598938537000
P,'h',1652370598991992000
R,'h',1652370599140121000
P,Key.backspace,1652370599377175000
R,Key.backspace,1652370599436933000
P,Key.backspace,1652370599516124000
R,Key.backspace,1652370599612268000
P,Key.backspace,1652370599681404000
R,Key.backspace,1652370599753445000
P,Key.space,1652370600036527000
R,Key.space,1652370600120165000
P,'e',1652370606625144000
P,'j',1652370606702528000
R,'e',1652370606826647000
R,'j',1652370606838767000
P,Key.backspace,1652370607036452000
R,Key.backspace,1652370607092069000
P,Key.backspace,1652370607180385000
R,Key.backspace,1652370607252861000
P,Key.shift,1652370616585572000
P,'H',1652370616754441000
R,'H',1652370616835089000
R,Key.shift,1652370616841874000
P,'e',1652370616919634000
R,'e',1652370617019751000
P,Key.space,1652370617020866000
R,Key.space,1652370617113672000
P,'d',1652370617174281000
R,'d',1652370617254560000
P,'i',1652370617275699000
R,'i',1652370617351667000
P,'d',1652370617379411000
R,'d',1652370617479787000
P,'n',1652370617512558000
R,'n',1652370617584802000
P,"""'""",1652370617721311000
R,"""'""",1652370617766466000
P,'t',1652370617866312000
R,'t',1652370617913478000
P,Key.space,1652370617955085000
R,Key.space,1652370618028233000
P,'h',1652370628375365000
R,'h',1652370628496862000
P,'e',1652370628607339000
R,'e',1652370628759929000
P,Key.backspace,1652370628988355000
P,'=',1652370629015277000
R,'=',1652370629068590000
R,Key.backspace,1652370629080762000
P,Key.backspace,1652370629244672000
R,Key.backspace,1652370629364820000
P,Key.backspace,1652370629444514000
R,Key.backspace,1652370629524628000
P,'b',1652370633388016000
P,'n',1652370633389064000
R,'b',1652370633450379000
R,'n',1652370633458153000
P,'f',1652370633520404000
R,'f',1652370633672233000
P,'e',1652370633675770000
P,Key.backspace,1652370633755764000
R,Key.backspace,1652370633802359000
R,'e',1652370633814807000
P,Key.backspace,1652370633888109000
R,Key.backspace,1652370633972477000
P,Key.backspace,1652370634053450000
R,Key.backspace,1652370634124805000
P,Key.backspace,1652370634183457000
R,Key.backspace,1652370634311522000
P,Key.backspace,1652370644882179000
R,Key.backspace,1652370644991656000
P,Key.backspace,1652370645112475000
R,Key.backspace,1652370645232480000
P,'t',1652370646389164000
R,'t',1652370646440654000
P,Key.space,1652370646499351000
R,Key.space,1652370646575654000
P,'h',1652370647829527000
R,'h',1652370647891556000
P,'a',1652370647937323000
R,'a',1652370648012973000
P,'v',1652370648102548000
R,'v',1652370648206233000
P,'e',1652370648265431000
P,Key.space,1652370648349139000
R,'e',1652370648360546000
R,Key.space,1652370648441440000
P,'t',1652370648489965000
R,'t',1652370648553759000
P,'o',1652370648572468000
R,'o',1652370648648492000
P,Key.space,1652370648694209000
R,Key.space,1652370648790634000
P,'s',1652370648806334000
R,'s',1652370648894810000
P,'l',1652370648918468000
R,'l',1652370648986839000
P,'a',1652370649065360000
R,'a',1652370649145326000
P,'p',1652370649174356000
R,'p',1652370649239075000
P,Key.space,1652370649304446000
R,Key.space,1652370649392755000
P,Key.shift,1652370649464546000
P,'C',1652370649604464000
R,Key.shift,1652370649664353000
R,'c',1652370649708515000
P,'h',1652370649745094000
R,'h',1652370649809045000
P,'r',1652370649885837000
R,'r',1652370649965836000
P,'i',1652370650019288000
R,'i',1652370650075785000
P,'s',1652370650119454000
R,'s',1652370650207674000
P,Key.space,1652370650275051000
R,Key.space,1652370650355711000
P,Key.shift,1652370650502690000
P,'R',1652370650738360000
R,Key.shift,1652370650818936000
R,'r',1652370650829478000
P,'o',1652370650862403000
R,'o',1652370650926639000
P,'c',1652370650996385000
P,'k',1652370651080410000
R,'c',1652370651084315000
R,'k',1652370651140704000
P,Key.space,1652370651218203000
R,Key.space,1652370651306670000
P,'f',1652370651370626000
R,'f',1652370651465269000
P,'o',1652370651473011000
R,'o',1652370651537742000
P,Key.space,1652370651960399000
R,Key.space,1652370652042596000
P,Key.backspace,1652370652323208000
R,Key.backspace,1652370652407997000
P,'r',1652370652457380000
R,'r',1652370652537655000
P,Key.space,1652370652573011000
R,Key.space,1652370652641601000
P,'a',1652370652713242000
R,'a',1652370652768864000
P,Key.space,1652370652817390000
R,Key.space,1652370652890435000
P,'p',1652370653729333000
R,'p',1652370653785493000
P,'o',1652370653907334000
R,'o',1652370653954328000
P,'o',1652370654036931000
R,'o',1652370654116119000
P,'r',1652370654151392000
R,'r',1652370654223590000
P,Key.space,1652370654247566000
R,Key.space,1652370654323797000
P,'j',1652370654799294000
R,'j',1652370654862987000
P,'o',1652370654958280000
R,'o',1652370655042154000
P,'k',1652370655143607000
R,'k',1652370655211398000
P,'e',1652370655256289000
R,'e',1652370655340476000
P,"','",1652370657242036000
R,"','",1652370657314576000
P,Key.space,1652370657401101000
R,Key.space,1652370657474285000
P,'h',1652370660408129000
R,'h',1652370660468496000
P,'e',1652370660541016000
P,Key.space,1652370660628851000
R,'e',1652370660632889000
R,Key.space,1652370660709500000
P,'c',1652370660782894000
R,'c',1652370660887628000
P,'o',1652370660894260000
R,'o',1652370660951389000
P,'u',1652370661057846000
R,'u',1652370661106427000
P,'l',1652370661231048000
P,'d',1652370661261803000
R,'l',1652370661318944000
R,'d',1652370661355363000
P,Key.space,1652370661438142000
R,Key.space,1652370661514273000
P,'h',1652370661598022000
R,'h',1652370661637210000
P,'a',1652370661701103000
R,'a',1652370661731967000
P,'v',1652370661898942000
R,'v',1652370661983279000
P,'e',1652370662074216000
R,'e',1652370662170225000
P,Key.space,1652370662201317000
R,Key.space,1652370662286241000
P,'j',1652370662547043000
R,'j',1652370662599103000
P,'u',1652370662683001000
R,'u',1652370662759365000
P,'s',1652370662796337000
R,'s',1652370662872660000
P,'t',1652370662960959000
R,'t',1652370663045366000
P,Key.space,1652370663066752000
R,Key.space,1652370663135257000
P,'a',1652370666287061000
R,'a',1652370666356072000
P,'d',1652370666474490000
R,'d',1652370666542173000
P,'d',1652370666592938000
R,'d',1652370666709545000
P,'r',1652370666823219000
R,'r',1652370666888551000
P,'e',1652370666982891000
R,'e',1652370667055609000
P,'s',1652370667184930000
R,'s',1652370667216145000
P,'s',1652370667289923000
R,'s',1652370667398039000
P,'e',1652370667508014000
R,'e',1652370667589315000
P,'d',1652370667659358000
R,'d',1652370667764240000
P,Key.space,1652370667777889000
R,Key.space,1652370667878015000
P,'i',1652370667950670000
R,'i',1652370668026835000
P,'t',1652370668089130000
R,'t',1652370668162030000
P,Key.space,1652370668195338000
R,Key.space,1652370668271119000
P,'w',1652370668365767000
R,'w',1652370668441943000
P,'h',1652370668478248000
R,'h',1652370668555141000
P,'e',1652370668586582000
R,'e',1652370668687563000
P,'n',1652370668705690000
R,'n',1652370668773872000
P,Key.space,1652370668799983000
R,Key.space,1652370668913064000
P,'h',1652370668958902000
R,'h',1652370669019130000
P,'e',1652370669083706000
R,'e',1652370669156174000
P,Key.space,1652370669186709000
R,Key.space,1652370669263100000
P,'r',1652370669449867000
R,'r',1652370669529849000
P,'e',1652370669620003000
R,'e',1652370669709071000
P,'c',1652370669831630000
R,'c',1652370669854958000
P,'e',1652370669946896000
R,'e',1652370670022937000
P,'i',1652370670665876000
R,'i',1652370670730046000
P,'v',1652370670858641000
R,'v',1652370670955921000
P,'e',1652370671047657000
R,'e',1652370671136160000
P,'d',1652370671193905000
P,Key.space,1652370671277856000
R,'d',1652370671292849000
R,Key.space,1652370671361607000
P,'h',1652370671470730000
R,'h',1652370671547103000
P,'i',1652370671597530000
R,'i',1652370671677300000
P,'s',1652370671734483000
R,'s',1652370671810872000
P,Key.space,1652370671841602000
R,Key.space,1652370671921866000
P,'a',1652370686465982000
R,'a',1652370686563926000
P,'w',1652370686641443000
R,'w',1652370686725650000
P,'a',1652370686817593000
R,'a',1652370686905912000
P,'r',1652370686995652000
R,'r',1652370687072376000
P,'d',1652370687192466000
R,'d',1652370687269044000
P,'.',1652370687296815000
R,'.',1652370687352903000
P,Key.cmd,1652370693816421000
P,Key.tab,1652370694027348000
R,Key.tab,1652370694155261000
R,Key.cmd,1652370694175586000
P,Key.ctrl,1652370695409312000
P,'c',1652370695943155000
P,Key.tab,1652371065487846000
R,Key.cmd,1652371065628441000
R,Key.tab,1652371065631948000
P,'t',1652371067454008000
R,'t',1652371067544586000
P,'w',1652371067701709000
R,'w',1652371067801483000
P,'i',1652371067859524000
R,'i',1652371067919398000
P,'t',1652371068017622000
R,'t',1652371068086629000
P,'t',1652371068161487000
R,'t',1652371068259890000
P,'e',1652371068364516000
R,'e',1652371068450852000
P,'r',1652371068497595000
R,'r',1652371068572571000
P,'.',1652371068589954000
R,'.',1652371068646304000
P,'c',1652371068765349000
P,'o',1652371068853065000
R,'c',1652371068856626000
R,'o',1652371068924617000
P,'m',1652371068952438000
R,'m',1652371069044916000
P,Key.enter,1652371069263784000
R,Key.enter,1652371069324646000
P,Key.shift,1652371128075728000
P,'S',1652371128288281000
R,Key.shift,1652371128383066000
P,'o',1652371128416537000
R,'s',1652371128427225000
R,'o',1652371128489081000
P,Key.space,1652371128549300000
R,Key.space,1652371128661326000
P,'d',1652371129403398000
R,'d',1652371129507261000
P,'o',1652371129516439000
R,'o',1652371129586923000
P,'e',1652371129625386000
R,'e',1652371129713721000
P,'s',1652371129796093000
P,Key.space,1652371129859118000
R,'s',1652371129887971000
R,Key.space,1652371129936340000
P,'a',1652371130140325000
R,'a',1652371130239914000
P,'n',1652371130283689000
R,'n',1652371130346501000
P,'y',1652371130433081000
R,'y',1652371130515208000
P,'o',1652371130527169000
R,'o',1652371130588497000
P,'n',1652371130655450000
P,'e',1652371130727496000
R,'n',1652371130728771000
R,'e',1652371130835861000
P,Key.space,1652371130886434000
R,Key.space,1652371130978712000
P,'w',1652371131111390000
R,'w',1652371131216192000
P,'a',1652371131453292000
R,'a',1652371131537719000
P,'n',1652371131580097000
R,'n',1652371131640242000
P,'t',1652371131676222000
R,'t',1652371131755129000
P,Key.space,1652371131766868000
R,Key.space,1652371131872537000
P,'t',1652371131924408000
P,'o',1652371132009865000
R,'t',1652371132016056000
R,'o',1652371132084254000
P,Key.space,1652371132109400000
R,Key.space,1652371132215870000
P,'a',1652371132706405000
R,'a',1652371132758586000
P,'d',1652371132960291000
R,'d',1652371133068169000
P,'d',1652371133146042000
R,'d',1652371133255924000
P,'e',1652371133556398000
R,'e',1652371133625463000
P,'r',1652371133645544000
R,'r',1652371133699725000
P,Key.backspace,1652371134086452000
R,Key.backspace,1652371134145116000
P,Key.backspace,1652371134221073000
P,'r',1652371134298491000
R,Key.backspace,1652371134325053000
R,'r',1652371134402163000
P,'e',1652371134483058000
R,'e',1652371134542319000
P,'s',1652371134756337000
R,'s',1652371134812244000
P,'s',1652371134894316000
R,'s',1652371135010575000
P,Key.space,1652371137271207000
R,Key.space,1652371137354742000
P,'h',1652371138356201000
R,'h',1652371138427983000
P,'o',1652371138529994000
R,'o',1652371138601537000
P,'w',1652371138637363000
P,Key.space,1652371138729868000
R,'w',1652371138733894000
R,Key.space,1652371138825826000
P,Key.shift,1652371138934545000
P,'T',1652371139695119000
R,Key.shift,1652371139742015000
R,'t',1652371139778748000
P,'h',1652371139790856000
R,'h',1652371139863278000
P,'e',1652371139912695000
R,'e',1652371139996758000
P,Key.space,1652371140008629000
R,Key.space,1652371140102412000
P,Key.shift,1652371140122970000
R,Key.shift,1652371140471433000
P,Key.backspace,1652371140634820000
R,Key.backspace,1652371140673848000
P,Key.backspace,1652371140768972000
R,Key.backspace,1652371140812256000
P,Key.backspace,1652371140906044000
R,Key.backspace,1652371140957181000
P,Key.backspace,1652371141039139000
R,Key.backspace,1652371141149847000
P,Key.shift,1652371141290177000
R,Key.shift,1652371141574324000
P,Key.shift,1652371141844126000
P,'A',1652371142076173000
R,Key.shift,1652371142163871000
R,'a',1652371142188346000
P,'m',1652371142226068000
R,'m',1652371142269456000
P,'e',1652371142367663000
R,'e',1652371142456105000
P,'r',1652371142524920000
R,'r',1652371142597282000
P,'i',1652371142621694000
R,'i',1652371142685277000
P,'c',1652371142759126000
R,'c',1652371142843297000
P,'a',1652371143220160000
R,'a',1652371143300768000
P,Key.space,1652371143343275000
R,Key.space,1652371143419462000
P,'s',1652371145536159000
R,'s',1652371145635986000
P,'e',1652371145744917000
R,'e',1652371145793209000
P,'e',1652371145852566000
R,'e',1652371145961052000
P,'m',1652371146003821000
R,'m',1652371146066117000
P,'s',1652371146102198000
R,'s',1652371146194997000
P,Key.space,1652371146212883000
R,Key.space,1652371146301955000
P,'t',1652371146342041000
P,'o',1652371146417819000
R,'t',1652371146426449000
R,'o',1652371146489940000
P,Key.space,1652371146525847000
R,Key.space,1652371146613849000
P,'b',1652371146734581000
R,'b',1652371146798365000
P,'e',1652371146862649000
R,'e',1652371146955330000
P,Key.space,1652371146990042000
R,Key.space,1652371147079407000
P,'m',1652371147158782000
R,'m',1652371147255270000
P,'a',1652371147304872000
R,'a',1652371147398023000
P,'k',1652371147432655000
R,'k',1652371147494389000
P,'i',1652371147611675000
R,'i',1652371147658918000
P,'n',1652371147738222000
P,'g',1652371147810995000
R,'n',1652371147818439000
R,'g',1652371147911216000
P,Key.space,1652371147925618000
R,Key.space,1652371148010116000
P,'e',1652371148075235000
R,'e',1652371148183755000
P,'m',1652371148184839000
R,'m',1652371148227765000
P,'y',1652371148512854000
R,'y',1652371148555788000
P,Key.backspace,1652371148841801000
R,Key.backspace,1652371148917598000
P,'p',1652371149043894000
R,'p',1652371149124068000
P,'t',1652371149186001000
R,'t',1652371149274133000
P,'y',1652371149365387000
R,'y',1652371149468746000
P,Key.space,1652371149502740000
R,Key.space,1652371149578276000
P,'p',1652371150772734000
R,'p',1652371150837028000
P,'r',1652371150883337000
R,'r',1652371150968130000
P,'o',1652371151011543000
R,'o',1652371151068038000
P,'m',1652371151250589000
R,'m',1652371151310082000
P,'i',1652371151403706000
R,'i',1652371151472502000
P,'s',1652371151518841000
R,'s',1652371151623047000
P,'e',1652371151706869000
R,'e',1652371151798842000
P,'s',1652371151898412000
R,'s',1652371151978276000
P,Key.space,1652371152034535000
R,Key.space,1652371152114421000
P,'t',1652371152303879000
R,'t',1652371152378830000
P,'o',1652371152404699000
R,'o',1652371152473020000
P,'w',1652371152517790000
R,'w',1652371152598324000
P,'a',1652371152667953000
R,'a',1652371152768743000
P,'r',1652371152817765000
R,'r',1652371152901887000
P,'d',1652371152999722000
R,'d',1652371153094177000
P,'s',1652371153172887000
R,'s',1652371153253622000
P,Key.space,1652371153254335000
R,Key.space,1652371153357383000
P,'o',1652371153369428000
R,'o',1652371153458908000
P,'n',1652371153475990000
P,'e',1652371153566446000
R,'n',1652371153586384000
R,'e',1652371153647918000
P,Key.space,1652371153685461000
R,Key.space,1652371153746115000
P,'a',1652371153796514000
R,'a',1652371153884649000
P,'n',1652371153887851000
R,'n',1652371153957068000
P,'o',1652371154017363000
R,'o',1652371154089082000
P,'t',1652371154104689000
R,'t',1652371154198960000
P,'h',1652371154209125000
R,'h',1652371154286362000
P,'e',1652371154319674000
R,'e',1652371154391982000
P,'r',1652371154433645000
P,'.',1652371154522153000
R,'r',1652371154529473000
R,'.',1652371154569847000
P,Key.space,1652371154592656000
R,Key.space,1652371154669525000
P,Key.backspace,1652371155846724000
R,Key.backspace,1652371155902041000
P,Key.backspace,1652371155967724000
R,Key.backspace,1652371156083825000
P,Key.shift,1652371156215693000
P,'>',1652371156271557000
R,'>',1652371156339637000
R,Key.shift,1652371156403931000
P,Key.space,1652371156417023000
R,Key.space,1652371156510064000
P,Key.backspace,1652371156872260000
R,Key.backspace,1652371156914507000
P,Key.backspace,1652371157011435000
R,Key.backspace,1652371157132561000
P,Key.shift,1652371157230686000
R,Key.shift,1652371157470875000
P,Key.shift,1652371158125453000
P,'?',1652371158273521000
R,'?',1652371158345426000
R,Key.shift,1652371158381690000
P,Key.space,1652371158416524000
R,Key.space,1652371158508601000
P,Key.backspace,1652371164052122000
R,Key.backspace,1652371164131948000
P,Key.backspace,1652371164240403000
R,Key.backspace,1652371164289299000
P,Key.backspace,1652371164369239000
R,Key.backspace,1652371164448525000
P,Key.backspace,1652371164529437000
R,Key.backspace,1652371164606307000
P,Key.backspace,1652371164691226000
R,Key.backspace,1652371164767590000
P,Key.backspace,1652371164845302000
R,Key.backspace,1652371164922191000
P,Key.backspace,1652371165018980000
R,Key.backspace,1652371165080590000
P,Key.backspace,1652371165188949000
R,Key.backspace,1652371165248725000
P,Key.backspace,1652371165371093000
R,Key.backspace,1652371165448237000
P,Key.backspace,1652371165559475000
R,Key.backspace,1652371165619068000
P,Key.backspace,1652371165702344000
R,Key.backspace,1652371165767558000
P,Key.backspace,1652371165844595000
R,Key.backspace,1652371165919296000
P,Key.space,1652371166328437000
R,Key.space,1652371166408567000
P,Key.shift,1652371166746474000
P,'U',1652371167131907000
R,'U',1652371167198104000
R,Key.shift,1652371167246510000
P,'k',1652371167352212000
R,'k',1652371167407486000
P,'r',1652371167525154000
R,'r',1652371167564229000
P,'a',1652371167714324000
R,'a',1652371167775015000
P,'i',1652371167800083000
R,'i',1652371167876483000
P,'n',1652371167916384000
R,'n',1652371168000619000
P,'e',1652371168018556000
R,'e',1652371168089646000
P,'j',1652371183623482000
P,'e',1652371183682657000
R,'j',1652371183759518000
R,'e',1652371183828187000
P,Key.backspace,1652371184018418000
R,Key.backspace,1652371184075287000
P,Key.backspace,1652371184142660000
R,Key.backspace,1652371184218906000
P,Key.backspace,1652371184288620000
R,Key.backspace,1652371184368862000
P,Key.space,1652371184628790000
R,Key.space,1652371184693036000
P,Key.shift,1652371189183323000
P,'I',1652371189312820000
R,Key.shift,1652371189385522000
R,'i',1652371189386464000
P,Key.backspace,1652371190785750000
R,Key.backspace,1652371190862049000
P,Key.shift,1652371193314957000
P,'I',1652371193462795000
R,'I',1652371193514530000
R,Key.shift,1652371193551297000
P,Key.space,1652371193616844000
R,Key.space,1652371193712907000
P,'t',1652371193729139000
R,'t',1652371193819787000
P,'h',1652371193837769000
R,'h',1652371193906849000
P,'i',1652371193967912000
R,'i',1652371194056004000
P,'n',1652371194143901000
R,'n',1652371194239829000
P,'k',1652371194959754000
R,'k',1652371195020068000
P,Key.space,1652371195121708000
R,Key.space,1652371195209108000
P,Key.backspace,1652371196024811000
R,Key.backspace,1652371196075893000
P,Key.backspace,1652371196153740000
R,Key.backspace,1652371196235125000
P,Key.backspace,1652371196321131000
R,Key.backspace,1652371196379769000
P,Key.backspace,1652371196473738000
R,Key.backspace,1652371196541817000
P,Key.backspace,1652371196630720000
R,Key.backspace,1652371196695162000
P,Key.backspace,1652371196778760000
R,Key.backspace,1652371196843886000
P,Key.backspace,1652371196944904000
R,Key.backspace,1652371196992729000
P,Key.backspace,1652371197083630000
R,Key.backspace,1652371197147735000
P,Key.backspace,1652371197258419000
R,Key.backspace,1652371197354924000
P,Key.space,1652371197708706000
R,Key.space,1652371197764763000
P,Key.shift,1652371199115553000
P,'I',1652371199191552000
R,'I',1652371199255425000
R,Key.shift,1652371199279880000
P,Key.space,1652371199325461000
R,Key.space,1652371199413622000
P,'t',1652371199427863000
P,'h',1652371199515652000
R,'t',1652371199523072000
R,'h',1652371199614612000
P,'i',1652371199655101000
R,'i',1652371199751589000
P,'n',1652371199781296000
R,'n',1652371199885211000
P,'k',1652371199897181000
R,'k',1652371199977493000
P,Key.space,1652371200031678000
R,Key.space,1652371200103091000
P,'i',1652371200238570000
R,'i',1652371200299092000
P,'t',1652371200357697000
R,'t',1652371200437725000
P,Key.space,1652371200582483000
R,Key.space,1652371200671338000
P,'i',1652371200782370000
R,'i',1652371200842868000
P,'s',1652371200893521000
R,'s',1652371200973984000
P,Key.space,1652371200988322000
R,Key.space,1652371201064165000
P,'i',1652371201965747000
R,'i',1652371202037284000
P,'m',1652371202083516000
R,'m',1652371202183962000
P,'p',1652371202233938000
R,'p',1652371202285084000
P,'o',1652371202406458000
R,'o',1652371202462258000
P,'r',1652371202485451000
R,'r',1652371202573752000
P,'t',1652371202665403000
R,'t',1652371202753312000
P,'a',1652371202846525000
R,'a',1652371202930611000
P,'n',1652371202958487000
R,'n',1652371203019016000
P,'t',1652371203071570000
R,'t',1652371203135738000
P,Key.space,1652371203187992000
R,Key.space,1652371203264536000
P,'t',1652371209250266000
R,'t',1652371209327611000
P,'o',1652371209359218000
R,'o',1652371209439862000
P,Key.space,1652371209480085000
P,'r',1652371209556394000
R,Key.space,1652371209590961000
R,'r',1652371209648374000
P,'e',1652371209760239000
R,'e',1652371209848073000
P,'m',1652371209851867000
R,'m',1652371209908285000
P,'e',1652371209971302000
P,'m',1652371210055316000
R,'e',1652371210070221000
R,'m',1652371210113958000
P,'b',1652371210239386000
R,'b',1652371210314812000
P,'e',1652371210343247000
R,'e',1652371210427680000
P,'r',1652371210462533000
R,'r',1652371210570559000
P,Key.space,1652371210615026000
R,Key.space,1652371210716430000
P,'t',1652371210744223000
R,'t',1652371210826308000
P,'h',1652371210867507000
R,'h',1652371210931352000
P,'a',1652371210961284000
R,'a',1652371211041616000
P,'t',1652371211098223000
R,'t',1652371211183010000
P,Key.space,1652371211187087000
R,Key.space,1652371211291410000
P,'w',1652371211327204000
R,'w',1652371211400148000
P,'e',1652371211438329000
R,'e',1652371211562124000
P,Key.space,1652371211566335000
R,Key.space,1652371211694527000
P,Key.backspace,1652371211881358000
R,Key.backspace,1652371211940684000
P,Key.backspace,1652371212022558000
R,Key.backspace,1652371212106862000
P,'h',1652371212233204000
R,'h',1652371212311833000
P,'e',1652371212362170000
R,'e',1652371212454624000
P,'n',1652371212484276000
R,'n',1652371212548327000
P,Key.space,1652371212616491000
R,Key.space,1652371212709384000
P,'w',1652371212816231000
R,'w',1652371212920595000
P,'e',1652371213003844000
R,'e',1652371213087922000
P,Key.space,1652371213104312000
R,Key.space,1652371213197201000
P,'a',1652371213258142000
R,'a',1652371213354625000
P,'e',1652371213633997000
R,'e',1652371213718483000
P,Key.space,1652371213730264000
R,Key.space,1652371213822828000
P,Key.backspace,1652371214035007000
R,Key.backspace,1652371214066620000
P,Key.backspace,1652371214147675000
R,Key.backspace,1652371214240776000
P,Key.backspace,1652371214321304000
R,Key.backspace,1652371214376699000
P,'a',1652371214872647000
R,'a',1652371214997380000
P,'r',1652371215076971000
R,'r',1652371215149748000
P,'e',1652371215248109000
R,'e',1652371215336250000
P,Key.space,1652371215353286000
R,Key.space,1652371215458231000
P,'r',1652371215497716000
R,'r',1652371215586489000
P,'e',1652371215660000000
R,'e',1652371215752479000
P,'s',1652371215826041000
R,'s',1652371215946174000
P,'p',1652371215965946000
R,'p',1652371216022397000
P,'o',1652371216144011000
R,'o',1652371216212231000
P,'n',1652371216278869000
R,'n',1652371216367489000
P,'s',1652371216423043000
R,'s',1652371216506722000
P,'i',1652371216540457000
R,'i',1652371216592924000
P,'b',1652371216631921000
R,'b',1652371216736453000
P,'l',1652371216827099000
R,'l',1652371216894114000
P,'e',1652371216925333000
R,'e',1652371217005341000
P,Key.space,1652371217016402000
R,Key.space,1652371217100320000
P,'f',1652371217144199000
P,'o',1652371217213765000
R,'f',1652371217225312000
R,'o',1652371217266000000
P,'r',1652371217352363000
P,Key.space,1652371217416295000
R,'r',1652371217431042000
R,Key.space,1652371217512490000
P,'d',1652371217891974000
R,'d',1652371217951269000
P,'r',1652371218095243000
R,'r',1652371218169421000
P,'a',1652371218286948000
R,'a',1652371218391581000
P,'k',1652371218471124000
R,'k',1652371218514536000
P,'i',1652371218621783000
R,'i',1652371218664195000
P,'g',1652371218802167000
R,'g',1652371218886310000
P,Key.space,1652371218976547000
R,Key.space,1652371219075458000
P,Key.backspace,1652371219366884000
R,Key.backspace,1652371219426672000
P,Key.backspace,1652371219505198000
R,Key.backspace,1652371219585293000
P,Key.backspace,1652371219666200000
R,Key.backspace,1652371219745656000
P,Key.backspace,1652371219834352000
R,Key.backspace,1652371219927004000
P,Key.backspace,1652371220001726000
R,Key.backspace,1652371220106158000
P,Key.backspace,1652371220187601000
R,Key.backspace,1652371220283477000
P,Key.backspace,1652371220376071000
R,Key.backspace,1652371220503200000
P,'s',1652371226288507000
R,'s',1652371226362084000
P,'u',1652371226380139000
R,'u',1652371226431716000
P,'p',1652371226584222000
R,'p',1652371226634498000
P,'p',1652371226723497000
R,'p',1652371226762657000
P,'o',1652371226867322000
R,'o',1652371226945075000
P,'r',1652371227045654000
R,'r',1652371227141435000
P,'t',1652371227259227000
R,'t',1652371227347319000
P,'i',1652371227406454000
R,'i',1652371227458254000
P,'n',1652371227508173000
P,'g',1652371227580340000
R,'n',1652371227599356000
R,'g',1652371227656763000
P,Key.space,1652371227704296000
P,'t',1652371227803718000
R,Key.space,1652371227804587000
R,'t',1652371227876435000
P,'h',1652371227880776000
R,'h',1652371227944918000
P,'e',1652371228032555000
P,Key.space,1652371228092541000
R,'e',1652371228120086000
R,Key.space,1652371228177987000
P,'l',1652371228287254000
R,'l',1652371228359594000
P,'i',1652371228465369000
R,'i',1652371228521630000
P,'s',1652371228611784000
R,'s',1652371228699684000
P,Key.backspace,1652371229065527000
R,Key.backspace,1652371229100487000
P,Key.backspace,1652371229181083000
R,Key.backspace,1652371229265530000
P,'e',1652371229288359000
R,'e',1652371229351885000
P,'s',1652371229441394000
R,'s',1652371229545658000
P,'i',1652371229752387000
R,'i',1652371229804454000
P,Key.backspace,1652371230171945000
R,Key.backspace,1652371230211874000
P,Key.backspace,1652371230291089000
R,Key.backspace,1652371230375742000
P,'g',1652371230468690000
R,'g',1652371230552641000
P,'i',1652371230579623000
R,'i',1652371230638209000
P,'s',1652371230717574000
R,'s',1652371230815390000
P,'t',1652371231092050000
R,'t',1652371231219740000
P,Key.backspace,1652371231528421000
R,Key.backspace,1652371231572694000
P,'l',1652371231768287000
R,'l',1652371231828591000
P,'a',1652371231869438000
R,'a',1652371231937059000
P,'t',1652371232030962000
R,'t',1652371232111169000
P,'i',1652371232122074000
R,'i',1652371232170052000
P,'o',1652371232271353000
R,'o',1652371232337495000
P,'n',1652371232395489000
R,'n',1652371232479559000
P,Key.space,1652371232507350000
P,'t',1652371232587195000
R,Key.space,1652371232626066000
R,'t',1652371232682313000
P,'h',1652371232723224000
R,'h',1652371232779508000
P,'a',1652371232817864000
R,'a',1652371232902931000
P,'t',1652371232982864000
R,'t',1652371233068520000
P,Key.space,1652371233069774000
R,Key.space,1652371233151625000
P,'w',1652371235741277000
R,'w',1652371235817520000
P,'e',1652371235874201000
R,'e',1652371235962446000
P,Key.space,1652371235989048000
R,Key.space,1652371236096937000
P,'h',1652371236705195000
R,'h',1652371236769078000
P,'e',1652371236804440000
R,'e',1652371236909060000
P,'l',1652371236921316000
R,'l',1652371236977632000
P,'p',1652371237067920000
R,'p',1652371237111620000
P,Key.space,1652371237270751000
R,Key.space,1652371237362377000
P,'c',1652371237693136000
R,'c',1652371237785543000
P,'r',1652371237932049000
R,'r',1652371237996174000
P,'e',1652371238119020000
R,'e',1652371238179269000
P,'a',1652371238260201000
R,'a',1652371238348385000
P,'t',1652371238416268000
R,'t',1652371238484640000
P,'e',1652371238601827000
R,'e',1652371238673625000
P,Key.space,1652371238701328000
R,Key.space,1652371238788969000
P,'i',1652371238910547000
R,'i',1652371238970111000
P,'n',1652371239024018000
R,'n',1652371239124266000
P,Key.space,1652371239208579000
R,Key.space,1652371239277475000
P,Key.shift,1652371240643409000
P,'N',1652371240766973000
R,'N',1652371240835113000
P,'T',1652371240902635000
R,'T',1652371240996286000
P,'A',1652371241126135000
R,'A',1652371241250995000
P,'O',1652371241286854000
R,'O',1652371241346879000
P,Key.backspace,1652371241611061000
R,Key.backspace,1652371241649759000
P,Key.backspace,1652371241735122000
R,Key.backspace,1652371241783193000
P,Key.backspace,1652371241842351000
P,'A',1652371241940482000
R,Key.backspace,1652371241941122000
R,'A',1652371242066895000
P,'T',1652371242147327000
R,'T',1652371242201685000
P,'O',1652371242358641000
R,'O',1652371242414941000
R,Key.shift,1652371242447125000
P,'.',1652371242722094000
R,'.',1652371242782545000
P,Key.cmd,1652371246770892000
P,Key.tab,1652371246968583000
R,Key.cmd,1652371247076937000
R,Key.tab,1652371247085237000
P,Key.ctrl,1652371247956704000
P,'c',1652371248292815000
